cell_id,aggregation,composite,policy_id,rank_b,rank_cell,shift
B',mean,standards_of_living,almp,11.0,11.0,0.0
B',mean,standards_of_living,directed_industrial_policy,10.0,10.0,0.0
B',mean,standards_of_living,eitc,4.0,4.0,0.0
B',mean,standards_of_living,fjg,6.0,7.0,1.0
B',mean,standards_of_living,nit,1.0,2.0,1.0
B',mean,standards_of_living,sawf,7.0,6.0,-1.0
B',mean,standards_of_living,ubc,9.0,9.0,0.0
B',mean,standards_of_living,ubi,3.0,3.0,0.0
B',mean,standards_of_living,ubs,2.0,1.0,-1.0
B',mean,standards_of_living,ui,5.0,5.0,0.0
B',mean,standards_of_living,wage_insurance,8.0,8.0,0.0
B',mean,meaning_human_value,almp,4.0,4.0,0.0
B',mean,meaning_human_value,directed_industrial_policy,8.0,8.0,0.0
B',mean,meaning_human_value,eitc,2.0,3.0,1.0
B',mean,meaning_human_value,fjg,1.0,1.0,0.0
B',mean,meaning_human_value,nit,9.0,7.0,-2.0
B',mean,meaning_human_value,sawf,11.0,11.0,0.0
B',mean,meaning_human_value,ubc,6.0,5.0,-1.0
B',mean,meaning_human_value,ubi,7.0,9.0,2.0
B',mean,meaning_human_value,ubs,5.0,6.0,1.0
B',mean,meaning_human_value,ui,10.0,10.0,0.0
B',mean,meaning_human_value,wage_insurance,3.0,2.0,-1.0
B',mean,macro_stabilisation,almp,11.0,11.0,0.0
B',mean,macro_stabilisation,directed_industrial_policy,10.0,10.0,0.0
B',mean,macro_stabilisation,eitc,7.0,7.0,0.0
B',mean,macro_stabilisation,fjg,3.0,3.0,0.0
B',mean,macro_stabilisation,nit,2.0,2.0,0.0
B',mean,macro_stabilisation,sawf,6.0,6.0,0.0
B',mean,macro_stabilisation,ubc,9.0,9.0,0.0
B',mean,macro_stabilisation,ubi,5.0,4.0,-1.0
B',mean,macro_stabilisation,ubs,4.0,5.0,1.0
B',mean,macro_stabilisation,ui,1.0,1.0,0.0
B',mean,macro_stabilisation,wage_insurance,8.0,8.0,0.0
B',mean,economic_agency_mobility,almp,5.0,5.0,0.0
B',mean,economic_agency_mobility,directed_industrial_policy,10.0,10.0,0.0
B',mean,economic_agency_mobility,eitc,11.0,11.0,0.0
B',mean,economic_agency_mobility,fjg,2.0,4.0,2.0
B',mean,economic_agency_mobility,nit,7.0,6.0,-1.0
B',mean,economic_agency_mobility,sawf,9.0,9.0,0.0
B',mean,economic_agency_mobility,ubc,4.0,2.0,-2.0
B',mean,economic_agency_mobility,ubi,1.0,1.0,0.0
B',mean,economic_agency_mobility,ubs,3.0,3.0,0.0
B',mean,economic_agency_mobility,ui,6.0,7.0,1.0
B',mean,economic_agency_mobility,wage_insurance,8.0,8.0,0.0
B',mean,ownership_of_gains,almp,9.0,9.0,0.0
B',mean,ownership_of_gains,directed_industrial_policy,5.0,5.0,0.0
B',mean,ownership_of_gains,eitc,10.0,10.0,0.0
B',mean,ownership_of_gains,fjg,7.0,7.0,0.0
B',mean,ownership_of_gains,nit,4.0,4.0,0.0
B',mean,ownership_of_gains,sawf,2.0,2.0,0.0
B',mean,ownership_of_gains,ubc,1.0,1.0,0.0
B',mean,ownership_of_gains,ubi,3.0,3.0,0.0
B',mean,ownership_of_gains,ubs,6.0,6.0,0.0
B',mean,ownership_of_gains,ui,8.0,8.0,0.0
B',mean,ownership_of_gains,wage_insurance,11.0,11.0,0.0
B',mean,democratic_voice,almp,10.0,10.0,0.0
B',mean,democratic_voice,directed_industrial_policy,11.0,11.0,0.0
B',mean,democratic_voice,eitc,8.0,8.0,0.0
B',mean,democratic_voice,fjg,6.0,6.0,0.0
B',mean,democratic_voice,nit,5.0,5.0,0.0
B',mean,democratic_voice,sawf,1.0,2.0,1.0
B',mean,democratic_voice,ubc,2.0,1.0,-1.0
B',mean,democratic_voice,ubi,3.0,3.0,0.0
B',mean,democratic_voice,ubs,4.0,4.0,0.0
B',mean,democratic_voice,ui,7.0,7.0,0.0
B',mean,democratic_voice,wage_insurance,9.0,9.0,0.0
B',mean,economic_feasibility,almp,3.0,3.0,0.0
B',mean,economic_feasibility,directed_industrial_policy,9.0,9.5,0.5
B',mean,economic_feasibility,eitc,1.0,2.0,1.0
B',mean,economic_feasibility,fjg,10.0,9.5,-0.5
B',mean,economic_feasibility,nit,6.0,6.0,0.0
B',mean,economic_feasibility,sawf,5.0,5.0,0.0
B',mean,economic_feasibility,ubc,7.0,7.0,0.0
B',mean,economic_feasibility,ubi,11.0,11.0,0.0
B',mean,economic_feasibility,ubs,8.0,8.0,0.0
B',mean,economic_feasibility,ui,4.0,4.0,0.0
B',mean,economic_feasibility,wage_insurance,2.0,1.0,-1.0
B',mean,implementation_readiness,almp,5.0,5.0,0.0
B',mean,implementation_readiness,directed_industrial_policy,6.0,6.0,0.0
B',mean,implementation_readiness,eitc,1.0,1.0,0.0
B',mean,implementation_readiness,fjg,11.0,11.0,0.0
B',mean,implementation_readiness,nit,3.0,3.0,0.0
B',mean,implementation_readiness,sawf,9.0,10.0,1.0
B',mean,implementation_readiness,ubc,8.0,8.0,0.0
B',mean,implementation_readiness,ubi,7.0,7.0,0.0
B',mean,implementation_readiness,ubs,10.0,9.0,-1.0
B',mean,implementation_readiness,ui,2.0,2.0,0.0
B',mean,implementation_readiness,wage_insurance,4.0,4.0,0.0
B',mean,mild_disruption,almp,5.0,5.0,0.0
B',mean,mild_disruption,directed_industrial_policy,11.0,11.0,0.0
B',mean,mild_disruption,eitc,3.0,3.0,0.0
B',mean,mild_disruption,fjg,7.0,6.0,-1.0
B',mean,mild_disruption,nit,2.0,2.0,0.0
B',mean,mild_disruption,sawf,6.0,7.0,1.0
B',mean,mild_disruption,ubc,9.0,9.0,0.0
B',mean,mild_disruption,ubi,10.0,10.0,0.0
B',mean,mild_disruption,ubs,8.0,8.0,0.0
B',mean,mild_disruption,ui,1.0,1.0,0.0
B',mean,mild_disruption,wage_insurance,4.0,4.0,0.0
B',mean,moderate_disruption,almp,8.0,9.0,1.0
B',mean,moderate_disruption,directed_industrial_policy,9.0,8.0,-1.0
B',mean,moderate_disruption,eitc,11.0,11.0,0.0
B',mean,moderate_disruption,fjg,5.0,5.0,0.0
B',mean,moderate_disruption,nit,6.0,6.0,0.0
B',mean,moderate_disruption,sawf,3.0,3.0,0.0
B',mean,moderate_disruption,ubc,1.0,1.0,0.0
B',mean,moderate_disruption,ubi,2.0,2.0,0.0
B',mean,moderate_disruption,ubs,4.0,4.0,0.0
B',mean,moderate_disruption,ui,7.0,7.0,0.0
B',mean,moderate_disruption,wage_insurance,10.0,10.0,0.0
B',mean,full_transformation,almp,9.0,9.0,0.0
B',mean,full_transformation,directed_industrial_policy,7.0,7.0,0.0
B',mean,full_transformation,eitc,11.0,11.0,0.0
B',mean,full_transformation,fjg,6.0,6.0,0.0
B',mean,full_transformation,nit,5.0,5.0,0.0
B',mean,full_transformation,sawf,3.0,3.0,0.0
B',mean,full_transformation,ubc,1.0,1.0,0.0
B',mean,full_transformation,ubi,2.0,2.0,0.0
B',mean,full_transformation,ubs,4.0,4.0,0.0
B',mean,full_transformation,ui,8.0,8.0,0.0
B',mean,full_transformation,wage_insurance,10.0,10.0,0.0
B',mean,welfare_resilience,almp,11.0,11.0,0.0
B',mean,welfare_resilience,directed_industrial_policy,10.0,10.0,0.0
B',mean,welfare_resilience,eitc,6.0,6.0,0.0
B',mean,welfare_resilience,fjg,1.0,1.0,0.0
B',mean,welfare_resilience,nit,2.0,2.0,0.0
B',mean,welfare_resilience,sawf,7.0,7.0,0.0
B',mean,welfare_resilience,ubc,9.0,9.0,0.0
B',mean,welfare_resilience,ubi,5.0,5.0,0.0
B',mean,welfare_resilience,ubs,4.0,4.0,0.0
B',mean,welfare_resilience,ui,3.0,3.0,0.0
B',mean,welfare_resilience,wage_insurance,8.0,8.0,0.0
B',mean,agency_voice,almp,8.0,8.0,0.0
B',mean,agency_voice,directed_industrial_policy,11.0,11.0,0.0
B',mean,agency_voice,eitc,10.0,10.0,0.0
B',mean,agency_voice,fjg,6.0,6.0,0.0
B',mean,agency_voice,nit,5.0,4.0,-1.0
B',mean,agency_voice,sawf,2.0,2.0,0.0
B',mean,agency_voice,ubc,1.0,1.0,0.0
B',mean,agency_voice,ubi,3.0,3.0,0.0
B',mean,agency_voice,ubs,4.0,5.0,1.0
B',mean,agency_voice,ui,7.0,7.0,0.0
B',mean,agency_voice,wage_insurance,9.0,9.0,0.0
B',mean,feasibility,almp,5.0,5.0,0.0
B',mean,feasibility,directed_industrial_policy,8.0,9.0,1.0
B',mean,feasibility,eitc,1.0,1.0,0.0
B',mean,feasibility,fjg,11.0,11.0,0.0
B',mean,feasibility,nit,3.0,3.0,0.0
B',mean,feasibility,sawf,6.0,6.0,0.0
B',mean,feasibility,ubc,7.0,7.0,0.0
B',mean,feasibility,ubi,10.0,10.0,0.0
B',mean,feasibility,ubs,9.0,8.0,-1.0
B',mean,feasibility,ui,2.0,2.0,0.0
B',mean,feasibility,wage_insurance,4.0,4.0,0.0
B',mean,scenario_durability,almp,9.0,10.0,1.0
B',mean,scenario_durability,directed_industrial_policy,11.0,11.0,0.0
B',mean,scenario_durability,eitc,10.0,8.0,-2.0
B',mean,scenario_durability,fjg,6.0,6.0,0.0
B',mean,scenario_durability,nit,5.0,5.0,0.0
B',mean,scenario_durability,sawf,3.0,3.0,0.0
B',mean,scenario_durability,ubc,1.0,1.0,0.0
B',mean,scenario_durability,ubi,2.0,2.0,0.0
B',mean,scenario_durability,ubs,4.0,4.0,0.0
B',mean,scenario_durability,ui,7.0,7.0,0.0
B',mean,scenario_durability,wage_insurance,8.0,9.0,1.0
Q1,mean,standards_of_living,almp,11.0,11.0,0.0
Q1,mean,standards_of_living,directed_industrial_policy,10.0,9.0,-1.0
Q1,mean,standards_of_living,eitc,4.0,6.0,2.0
Q1,mean,standards_of_living,fjg,6.0,4.0,-2.0
Q1,mean,standards_of_living,nit,1.0,2.0,1.0
Q1,mean,standards_of_living,sawf,7.0,7.0,0.0
Q1,mean,standards_of_living,ubc,9.0,10.0,1.0
Q1,mean,standards_of_living,ubi,3.0,3.0,0.0
Q1,mean,standards_of_living,ubs,2.0,1.0,-1.0
Q1,mean,standards_of_living,ui,5.0,5.0,0.0
Q1,mean,standards_of_living,wage_insurance,8.0,8.0,0.0
Q1,mean,meaning_human_value,almp,4.0,6.0,2.0
Q1,mean,meaning_human_value,directed_industrial_policy,8.0,2.0,-6.0
Q1,mean,meaning_human_value,eitc,2.0,4.0,2.0
Q1,mean,meaning_human_value,fjg,1.0,1.0,0.0
Q1,mean,meaning_human_value,nit,9.0,10.0,1.0
Q1,mean,meaning_human_value,sawf,11.0,11.0,0.0
Q1,mean,meaning_human_value,ubc,6.0,8.0,2.0
Q1,mean,meaning_human_value,ubi,7.0,7.0,0.0
Q1,mean,meaning_human_value,ubs,5.0,5.0,0.0
Q1,mean,meaning_human_value,ui,10.0,9.0,-1.0
Q1,mean,meaning_human_value,wage_insurance,3.0,3.0,0.0
Q1,mean,macro_stabilisation,almp,11.0,11.0,0.0
Q1,mean,macro_stabilisation,directed_industrial_policy,10.0,9.0,-1.0
Q1,mean,macro_stabilisation,eitc,7.0,7.0,0.0
Q1,mean,macro_stabilisation,fjg,3.0,2.0,-1.0
Q1,mean,macro_stabilisation,nit,2.0,3.0,1.0
Q1,mean,macro_stabilisation,sawf,6.0,6.0,0.0
Q1,mean,macro_stabilisation,ubc,9.0,10.0,1.0
Q1,mean,macro_stabilisation,ubi,5.0,5.0,0.0
Q1,mean,macro_stabilisation,ubs,4.0,4.0,0.0
Q1,mean,macro_stabilisation,ui,1.0,1.0,0.0
Q1,mean,macro_stabilisation,wage_insurance,8.0,8.0,0.0
Q1,mean,economic_agency_mobility,almp,5.0,6.0,1.0
Q1,mean,economic_agency_mobility,directed_industrial_policy,10.0,10.0,0.0
Q1,mean,economic_agency_mobility,eitc,11.0,11.0,0.0
Q1,mean,economic_agency_mobility,fjg,2.0,5.0,3.0
Q1,mean,economic_agency_mobility,nit,7.0,4.0,-3.0
Q1,mean,economic_agency_mobility,sawf,9.0,9.0,0.0
Q1,mean,economic_agency_mobility,ubc,4.0,3.0,-1.0
Q1,mean,economic_agency_mobility,ubi,1.0,1.0,0.0
Q1,mean,economic_agency_mobility,ubs,3.0,2.0,-1.0
Q1,mean,economic_agency_mobility,ui,6.0,7.0,1.0
Q1,mean,economic_agency_mobility,wage_insurance,8.0,8.0,0.0
Q1,mean,ownership_of_gains,almp,9.0,11.0,2.0
Q1,mean,ownership_of_gains,directed_industrial_policy,5.0,5.0,0.0
Q1,mean,ownership_of_gains,eitc,10.0,8.0,-2.0
Q1,mean,ownership_of_gains,fjg,7.0,7.0,0.0
Q1,mean,ownership_of_gains,nit,4.0,4.0,0.0
Q1,mean,ownership_of_gains,sawf,2.0,2.0,0.0
Q1,mean,ownership_of_gains,ubc,1.0,1.0,0.0
Q1,mean,ownership_of_gains,ubi,3.0,3.0,0.0
Q1,mean,ownership_of_gains,ubs,6.0,6.0,0.0
Q1,mean,ownership_of_gains,ui,8.0,9.0,1.0
Q1,mean,ownership_of_gains,wage_insurance,11.0,10.0,-1.0
Q1,mean,democratic_voice,almp,10.0,11.0,1.0
Q1,mean,democratic_voice,directed_industrial_policy,11.0,9.0,-2.0
Q1,mean,democratic_voice,eitc,8.0,7.0,-1.0
Q1,mean,democratic_voice,fjg,6.0,5.0,-1.0
Q1,mean,democratic_voice,nit,5.0,6.0,1.0
Q1,mean,democratic_voice,sawf,1.0,1.0,0.0
Q1,mean,democratic_voice,ubc,2.0,2.0,0.0
Q1,mean,democratic_voice,ubi,3.0,3.0,0.0
Q1,mean,democratic_voice,ubs,4.0,4.0,0.0
Q1,mean,democratic_voice,ui,7.0,8.0,1.0
Q1,mean,democratic_voice,wage_insurance,9.0,10.0,1.0
Q1,mean,economic_feasibility,almp,3.0,3.0,0.0
Q1,mean,economic_feasibility,directed_industrial_policy,9.0,8.0,-1.0
Q1,mean,economic_feasibility,eitc,1.0,2.0,1.0
Q1,mean,economic_feasibility,fjg,10.0,10.0,0.0
Q1,mean,economic_feasibility,nit,6.0,7.0,1.0
Q1,mean,economic_feasibility,sawf,5.0,4.0,-1.0
Q1,mean,economic_feasibility,ubc,7.0,6.0,-1.0
Q1,mean,economic_feasibility,ubi,11.0,11.0,0.0
Q1,mean,economic_feasibility,ubs,8.0,9.0,1.0
Q1,mean,economic_feasibility,ui,4.0,5.0,1.0
Q1,mean,economic_feasibility,wage_insurance,2.0,1.0,-1.0
Q1,mean,implementation_readiness,almp,5.0,5.0,0.0
Q1,mean,implementation_readiness,directed_industrial_policy,6.0,8.0,2.0
Q1,mean,implementation_readiness,eitc,1.0,1.0,0.0
Q1,mean,implementation_readiness,fjg,11.0,11.0,0.0
Q1,mean,implementation_readiness,nit,3.0,3.0,0.0
Q1,mean,implementation_readiness,sawf,9.0,9.0,0.0
Q1,mean,implementation_readiness,ubc,8.0,6.0,-2.0
Q1,mean,implementation_readiness,ubi,7.0,7.0,0.0
Q1,mean,implementation_readiness,ubs,10.0,10.0,0.0
Q1,mean,implementation_readiness,ui,2.0,2.0,0.0
Q1,mean,implementation_readiness,wage_insurance,4.0,4.0,0.0
Q1,mean,mild_disruption,almp,5.0,7.0,2.0
Q1,mean,mild_disruption,directed_industrial_policy,11.0,10.0,-1.0
Q1,mean,mild_disruption,eitc,3.0,3.0,0.0
Q1,mean,mild_disruption,fjg,7.0,8.0,1.0
Q1,mean,mild_disruption,nit,2.0,2.0,0.0
Q1,mean,mild_disruption,sawf,6.0,6.0,0.0
Q1,mean,mild_disruption,ubc,9.0,11.0,2.0
Q1,mean,mild_disruption,ubi,10.0,9.0,-1.0
Q1,mean,mild_disruption,ubs,8.0,5.0,-3.0
Q1,mean,mild_disruption,ui,1.0,1.0,0.0
Q1,mean,mild_disruption,wage_insurance,4.0,4.0,0.0
Q1,mean,moderate_disruption,almp,8.0,10.0,2.0
Q1,mean,moderate_disruption,directed_industrial_policy,9.0,7.0,-2.0
Q1,mean,moderate_disruption,eitc,11.0,11.0,0.0
Q1,mean,moderate_disruption,fjg,5.0,5.0,0.0
Q1,mean,moderate_disruption,nit,6.0,6.0,0.0
Q1,mean,moderate_disruption,sawf,3.0,4.0,1.0
Q1,mean,moderate_disruption,ubc,1.0,3.0,2.0
Q1,mean,moderate_disruption,ubi,2.0,1.0,-1.0
Q1,mean,moderate_disruption,ubs,4.0,2.0,-2.0
Q1,mean,moderate_disruption,ui,7.0,8.0,1.0
Q1,mean,moderate_disruption,wage_insurance,10.0,9.0,-1.0
Q1,mean,full_transformation,almp,9.0,10.0,1.0
Q1,mean,full_transformation,directed_industrial_policy,7.0,7.0,0.0
Q1,mean,full_transformation,eitc,11.0,11.0,0.0
Q1,mean,full_transformation,fjg,6.0,6.0,0.0
Q1,mean,full_transformation,nit,5.0,5.0,0.0
Q1,mean,full_transformation,sawf,3.0,3.0,0.0
Q1,mean,full_transformation,ubc,1.0,2.0,1.0
Q1,mean,full_transformation,ubi,2.0,1.0,-1.0
Q1,mean,full_transformation,ubs,4.0,4.0,0.0
Q1,mean,full_transformation,ui,8.0,8.0,0.0
Q1,mean,full_transformation,wage_insurance,10.0,9.0,-1.0
Q1,mean,welfare_resilience,almp,11.0,11.0,0.0
Q1,mean,welfare_resilience,directed_industrial_policy,10.0,9.0,-1.0
Q1,mean,welfare_resilience,eitc,6.0,6.0,0.0
Q1,mean,welfare_resilience,fjg,1.0,1.0,0.0
Q1,mean,welfare_resilience,nit,2.0,3.0,1.0
Q1,mean,welfare_resilience,sawf,7.0,7.0,0.0
Q1,mean,welfare_resilience,ubc,9.0,10.0,1.0
Q1,mean,welfare_resilience,ubi,5.0,5.0,0.0
Q1,mean,welfare_resilience,ubs,4.0,4.0,0.0
Q1,mean,welfare_resilience,ui,3.0,2.0,-1.0
Q1,mean,welfare_resilience,wage_insurance,8.0,8.0,0.0
Q1,mean,agency_voice,almp,8.0,10.0,2.0
Q1,mean,agency_voice,directed_industrial_policy,11.0,8.0,-3.0
Q1,mean,agency_voice,eitc,10.0,11.0,1.0
Q1,mean,agency_voice,fjg,6.0,6.0,0.0
Q1,mean,agency_voice,nit,5.0,5.0,0.0
Q1,mean,agency_voice,sawf,2.0,2.0,0.0
Q1,mean,agency_voice,ubc,1.0,1.0,0.0
Q1,mean,agency_voice,ubi,3.0,3.0,0.0
Q1,mean,agency_voice,ubs,4.0,4.0,0.0
Q1,mean,agency_voice,ui,7.0,7.0,0.0
Q1,mean,agency_voice,wage_insurance,9.0,9.0,0.0
Q1,mean,feasibility,almp,5.0,4.0,-1.0
Q1,mean,feasibility,directed_industrial_policy,8.0,8.0,0.0
Q1,mean,feasibility,eitc,1.0,1.0,0.0
Q1,mean,feasibility,fjg,11.0,11.0,0.0
Q1,mean,feasibility,nit,3.0,5.0,2.0
Q1,mean,feasibility,sawf,6.0,6.0,0.0
Q1,mean,feasibility,ubc,7.0,7.0,0.0
Q1,mean,feasibility,ubi,10.0,9.0,-1.0
Q1,mean,feasibility,ubs,9.0,10.0,1.0
Q1,mean,feasibility,ui,2.0,2.0,0.0
Q1,mean,feasibility,wage_insurance,4.0,3.0,-1.0
Q1,mean,scenario_durability,almp,9.0,11.0,2.0
Q1,mean,scenario_durability,directed_industrial_policy,11.0,8.0,-3.0
Q1,mean,scenario_durability,eitc,10.0,10.0,0.0
Q1,mean,scenario_durability,fjg,6.0,6.0,0.0
Q1,mean,scenario_durability,nit,5.0,5.0,0.0
Q1,mean,scenario_durability,sawf,3.0,2.0,-1.0
Q1,mean,scenario_durability,ubc,1.0,4.0,3.0
Q1,mean,scenario_durability,ubi,2.0,1.0,-1.0
Q1,mean,scenario_durability,ubs,4.0,3.0,-1.0
Q1,mean,scenario_durability,ui,7.0,7.0,0.0
Q1,mean,scenario_durability,wage_insurance,8.0,9.0,1.0
Q4,mean,standards_of_living,almp,11.0,11.0,0.0
Q4,mean,standards_of_living,directed_industrial_policy,10.0,10.0,0.0
Q4,mean,standards_of_living,eitc,4.0,4.0,0.0
Q4,mean,standards_of_living,fjg,6.0,5.0,-1.0
Q4,mean,standards_of_living,nit,1.0,1.0,0.0
Q4,mean,standards_of_living,sawf,7.0,7.0,0.0
Q4,mean,standards_of_living,ubc,9.0,9.0,0.0
Q4,mean,standards_of_living,ubi,3.0,2.0,-1.0
Q4,mean,standards_of_living,ubs,2.0,3.0,1.0
Q4,mean,standards_of_living,ui,5.0,6.0,1.0
Q4,mean,standards_of_living,wage_insurance,8.0,8.0,0.0
Q4,mean,meaning_human_value,almp,4.0,5.0,1.0
Q4,mean,meaning_human_value,directed_industrial_policy,8.0,3.0,-5.0
Q4,mean,meaning_human_value,eitc,2.0,4.0,2.0
Q4,mean,meaning_human_value,fjg,1.0,1.0,0.0
Q4,mean,meaning_human_value,nit,9.0,7.0,-2.0
Q4,mean,meaning_human_value,sawf,11.0,11.0,0.0
Q4,mean,meaning_human_value,ubc,6.0,8.0,2.0
Q4,mean,meaning_human_value,ubi,7.0,10.0,3.0
Q4,mean,meaning_human_value,ubs,5.0,6.0,1.0
Q4,mean,meaning_human_value,ui,10.0,9.0,-1.0
Q4,mean,meaning_human_value,wage_insurance,3.0,2.0,-1.0
Q4,mean,macro_stabilisation,almp,11.0,11.0,0.0
Q4,mean,macro_stabilisation,directed_industrial_policy,10.0,9.0,-1.0
Q4,mean,macro_stabilisation,eitc,7.0,7.0,0.0
Q4,mean,macro_stabilisation,fjg,3.0,3.0,0.0
Q4,mean,macro_stabilisation,nit,2.0,2.0,0.0
Q4,mean,macro_stabilisation,sawf,6.0,5.0,-1.0
Q4,mean,macro_stabilisation,ubc,9.0,10.0,1.0
Q4,mean,macro_stabilisation,ubi,5.0,4.0,-1.0
Q4,mean,macro_stabilisation,ubs,4.0,6.0,2.0
Q4,mean,macro_stabilisation,ui,1.0,1.0,0.0
Q4,mean,macro_stabilisation,wage_insurance,8.0,8.0,0.0
Q4,mean,economic_agency_mobility,almp,5.0,5.0,0.0
Q4,mean,economic_agency_mobility,directed_industrial_policy,10.0,10.0,0.0
Q4,mean,economic_agency_mobility,eitc,11.0,11.0,0.0
Q4,mean,economic_agency_mobility,fjg,2.0,4.0,2.0
Q4,mean,economic_agency_mobility,nit,7.0,3.0,-4.0
Q4,mean,economic_agency_mobility,sawf,9.0,8.0,-1.0
Q4,mean,economic_agency_mobility,ubc,4.0,6.0,2.0
Q4,mean,economic_agency_mobility,ubi,1.0,1.0,0.0
Q4,mean,economic_agency_mobility,ubs,3.0,2.0,-1.0
Q4,mean,economic_agency_mobility,ui,6.0,9.0,3.0
Q4,mean,economic_agency_mobility,wage_insurance,8.0,7.0,-1.0
Q4,mean,ownership_of_gains,almp,9.0,11.0,2.0
Q4,mean,ownership_of_gains,directed_industrial_policy,5.0,5.0,0.0
Q4,mean,ownership_of_gains,eitc,10.0,8.0,-2.0
Q4,mean,ownership_of_gains,fjg,7.0,7.0,0.0
Q4,mean,ownership_of_gains,nit,4.0,4.0,0.0
Q4,mean,ownership_of_gains,sawf,2.0,2.0,0.0
Q4,mean,ownership_of_gains,ubc,1.0,1.0,0.0
Q4,mean,ownership_of_gains,ubi,3.0,3.0,0.0
Q4,mean,ownership_of_gains,ubs,6.0,6.0,0.0
Q4,mean,ownership_of_gains,ui,8.0,10.0,2.0
Q4,mean,ownership_of_gains,wage_insurance,11.0,9.0,-2.0
Q4,mean,democratic_voice,almp,10.0,10.0,0.0
Q4,mean,democratic_voice,directed_industrial_policy,11.0,11.0,0.0
Q4,mean,democratic_voice,eitc,8.0,8.0,0.0
Q4,mean,democratic_voice,fjg,6.0,6.0,0.0
Q4,mean,democratic_voice,nit,5.0,5.0,0.0
Q4,mean,democratic_voice,sawf,1.0,3.0,2.0
Q4,mean,democratic_voice,ubc,2.0,1.0,-1.0
Q4,mean,democratic_voice,ubi,3.0,2.0,-1.0
Q4,mean,democratic_voice,ubs,4.0,4.0,0.0
Q4,mean,democratic_voice,ui,7.0,7.0,0.0
Q4,mean,democratic_voice,wage_insurance,9.0,9.0,0.0
Q4,mean,economic_feasibility,almp,3.0,3.0,0.0
Q4,mean,economic_feasibility,directed_industrial_policy,9.0,8.0,-1.0
Q4,mean,economic_feasibility,eitc,1.0,1.0,0.0
Q4,mean,economic_feasibility,fjg,10.0,10.0,0.0
Q4,mean,economic_feasibility,nit,6.0,6.0,0.0
Q4,mean,economic_feasibility,sawf,5.0,5.0,0.0
Q4,mean,economic_feasibility,ubc,7.0,7.0,0.0
Q4,mean,economic_feasibility,ubi,11.0,11.0,0.0
Q4,mean,economic_feasibility,ubs,8.0,9.0,1.0
Q4,mean,economic_feasibility,ui,4.0,4.0,0.0
Q4,mean,economic_feasibility,wage_insurance,2.0,2.0,0.0
Q4,mean,implementation_readiness,almp,5.0,5.0,0.0
Q4,mean,implementation_readiness,directed_industrial_policy,6.0,6.0,0.0
Q4,mean,implementation_readiness,eitc,1.0,1.0,0.0
Q4,mean,implementation_readiness,fjg,11.0,11.0,0.0
Q4,mean,implementation_readiness,nit,3.0,3.0,0.0
Q4,mean,implementation_readiness,sawf,9.0,9.0,0.0
Q4,mean,implementation_readiness,ubc,8.0,10.0,2.0
Q4,mean,implementation_readiness,ubi,7.0,7.0,0.0
Q4,mean,implementation_readiness,ubs,10.0,8.0,-2.0
Q4,mean,implementation_readiness,ui,2.0,2.0,0.0
Q4,mean,implementation_readiness,wage_insurance,4.0,4.0,0.0
Q4,mean,mild_disruption,almp,5.0,5.0,0.0
Q4,mean,mild_disruption,directed_industrial_policy,11.0,9.0,-2.0
Q4,mean,mild_disruption,eitc,3.0,3.0,0.0
Q4,mean,mild_disruption,fjg,7.0,7.0,0.0
Q4,mean,mild_disruption,nit,2.0,1.0,-1.0
Q4,mean,mild_disruption,sawf,6.0,8.0,2.0
Q4,mean,mild_disruption,ubc,9.0,10.0,1.0
Q4,mean,mild_disruption,ubi,10.0,11.0,1.0
Q4,mean,mild_disruption,ubs,8.0,6.0,-2.0
Q4,mean,mild_disruption,ui,1.0,2.0,1.0
Q4,mean,mild_disruption,wage_insurance,4.0,4.0,0.0
Q4,mean,moderate_disruption,almp,8.0,10.0,2.0
Q4,mean,moderate_disruption,directed_industrial_policy,9.0,7.0,-2.0
Q4,mean,moderate_disruption,eitc,11.0,11.0,0.0
Q4,mean,moderate_disruption,fjg,5.0,6.0,1.0
Q4,mean,moderate_disruption,nit,6.0,5.0,-1.0
Q4,mean,moderate_disruption,sawf,3.0,2.0,-1.0
Q4,mean,moderate_disruption,ubc,1.0,3.0,2.0
Q4,mean,moderate_disruption,ubi,2.0,1.0,-1.0
Q4,mean,moderate_disruption,ubs,4.0,4.0,0.0
Q4,mean,moderate_disruption,ui,7.0,8.0,1.0
Q4,mean,moderate_disruption,wage_insurance,10.0,9.0,-1.0
Q4,mean,full_transformation,almp,9.0,9.0,0.0
Q4,mean,full_transformation,directed_industrial_policy,7.0,7.0,0.0
Q4,mean,full_transformation,eitc,11.0,11.0,0.0
Q4,mean,full_transformation,fjg,6.0,6.0,0.0
Q4,mean,full_transformation,nit,5.0,5.0,0.0
Q4,mean,full_transformation,sawf,3.0,3.0,0.0
Q4,mean,full_transformation,ubc,1.0,1.0,0.0
Q4,mean,full_transformation,ubi,2.0,2.0,0.0
Q4,mean,full_transformation,ubs,4.0,4.0,0.0
Q4,mean,full_transformation,ui,8.0,8.0,0.0
Q4,mean,full_transformation,wage_insurance,10.0,10.0,0.0
Q4,mean,welfare_resilience,almp,11.0,11.0,0.0
Q4,mean,welfare_resilience,directed_industrial_policy,10.0,9.0,-1.0
Q4,mean,welfare_resilience,eitc,6.0,6.0,0.0
Q4,mean,welfare_resilience,fjg,1.0,1.0,0.0
Q4,mean,welfare_resilience,nit,2.0,2.0,0.0
Q4,mean,welfare_resilience,sawf,7.0,8.0,1.0
Q4,mean,welfare_resilience,ubc,9.0,10.0,1.0
Q4,mean,welfare_resilience,ubi,5.0,5.0,0.0
Q4,mean,welfare_resilience,ubs,4.0,4.0,0.0
Q4,mean,welfare_resilience,ui,3.0,3.0,0.0
Q4,mean,welfare_resilience,wage_insurance,8.0,7.0,-1.0
Q4,mean,agency_voice,almp,8.0,8.0,0.0
Q4,mean,agency_voice,directed_industrial_policy,11.0,10.0,-1.0
Q4,mean,agency_voice,eitc,10.0,11.0,1.0
Q4,mean,agency_voice,fjg,6.0,6.0,0.0
Q4,mean,agency_voice,nit,5.0,4.0,-1.0
Q4,mean,agency_voice,sawf,2.0,2.0,0.0
Q4,mean,agency_voice,ubc,1.0,1.0,0.0
Q4,mean,agency_voice,ubi,3.0,3.0,0.0
Q4,mean,agency_voice,ubs,4.0,5.0,1.0
Q4,mean,agency_voice,ui,7.0,7.0,0.0
Q4,mean,agency_voice,wage_insurance,9.0,9.0,0.0
Q4,mean,feasibility,almp,5.0,5.0,0.0
Q4,mean,feasibility,directed_industrial_policy,8.0,7.0,-1.0
Q4,mean,feasibility,eitc,1.0,1.0,0.0
Q4,mean,feasibility,fjg,11.0,11.0,0.0
Q4,mean,feasibility,nit,3.0,4.0,1.0
Q4,mean,feasibility,sawf,6.0,6.0,0.0
Q4,mean,feasibility,ubc,7.0,8.0,1.0
Q4,mean,feasibility,ubi,10.0,10.0,0.0
Q4,mean,feasibility,ubs,9.0,9.0,0.0
Q4,mean,feasibility,ui,2.0,2.0,0.0
Q4,mean,feasibility,wage_insurance,4.0,3.0,-1.0
Q4,mean,scenario_durability,almp,9.0,10.0,1.0
Q4,mean,scenario_durability,directed_industrial_policy,11.0,8.0,-3.0
Q4,mean,scenario_durability,eitc,10.0,11.0,1.0
Q4,mean,scenario_durability,fjg,6.0,6.0,0.0
Q4,mean,scenario_durability,nit,5.0,5.0,0.0
Q4,mean,scenario_durability,sawf,3.0,2.0,-1.0
Q4,mean,scenario_durability,ubc,1.0,1.0,0.0
Q4,mean,scenario_durability,ubi,2.0,3.0,1.0
Q4,mean,scenario_durability,ubs,4.0,4.0,0.0
Q4,mean,scenario_durability,ui,7.0,7.0,0.0
Q4,mean,scenario_durability,wage_insurance,8.0,9.0,1.0
Q3c,mean,standards_of_living,almp,11.0,11.0,0.0
Q3c,mean,standards_of_living,directed_industrial_policy,10.0,10.0,0.0
Q3c,mean,standards_of_living,eitc,4.0,7.0,3.0
Q3c,mean,standards_of_living,fjg,7.0,5.0,-2.0
Q3c,mean,standards_of_living,nit,1.0,1.0,0.0
Q3c,mean,standards_of_living,sawf,6.0,4.0,-2.0
Q3c,mean,standards_of_living,ubc,9.0,9.0,0.0
Q3c,mean,standards_of_living,ubi,3.0,2.0,-1.0
Q3c,mean,standards_of_living,ubs,2.0,3.0,1.0
Q3c,mean,standards_of_living,ui,5.0,6.0,1.0
Q3c,mean,standards_of_living,wage_insurance,8.0,8.0,0.0
Q3c,mean,meaning_human_value,almp,3.0,3.0,0.0
Q3c,mean,meaning_human_value,directed_industrial_policy,7.0,4.0,-3.0
Q3c,mean,meaning_human_value,eitc,2.0,5.0,3.0
Q3c,mean,meaning_human_value,fjg,1.0,1.0,0.0
Q3c,mean,meaning_human_value,nit,8.0,8.0,0.0
Q3c,mean,meaning_human_value,sawf,11.0,11.0,0.0
Q3c,mean,meaning_human_value,ubc,6.0,7.0,1.0
Q3c,mean,meaning_human_value,ubi,9.0,9.0,0.0
Q3c,mean,meaning_human_value,ubs,5.0,6.0,1.0
Q3c,mean,meaning_human_value,ui,10.0,10.0,0.0
Q3c,mean,meaning_human_value,wage_insurance,4.0,2.0,-2.0
Q3c,mean,macro_stabilisation,almp,11.0,11.0,0.0
Q3c,mean,macro_stabilisation,directed_industrial_policy,10.0,9.0,-1.0
Q3c,mean,macro_stabilisation,eitc,7.0,8.0,1.0
Q3c,mean,macro_stabilisation,fjg,3.0,2.0,-1.0
Q3c,mean,macro_stabilisation,nit,2.0,3.0,1.0
Q3c,mean,macro_stabilisation,sawf,6.0,5.0,-1.0
Q3c,mean,macro_stabilisation,ubc,9.0,10.0,1.0
Q3c,mean,macro_stabilisation,ubi,5.0,4.0,-1.0
Q3c,mean,macro_stabilisation,ubs,4.0,6.0,2.0
Q3c,mean,macro_stabilisation,ui,1.0,1.0,0.0
Q3c,mean,macro_stabilisation,wage_insurance,8.0,7.0,-1.0
Q3c,mean,economic_agency_mobility,almp,5.0,5.5,0.5
Q3c,mean,economic_agency_mobility,directed_industrial_policy,10.0,10.0,0.0
Q3c,mean,economic_agency_mobility,eitc,11.0,11.0,0.0
Q3c,mean,economic_agency_mobility,fjg,3.0,4.0,1.0
Q3c,mean,economic_agency_mobility,nit,7.0,7.0,0.0
Q3c,mean,economic_agency_mobility,sawf,9.0,8.0,-1.0
Q3c,mean,economic_agency_mobility,ubc,2.0,3.0,1.0
Q3c,mean,economic_agency_mobility,ubi,1.0,1.0,0.0
Q3c,mean,economic_agency_mobility,ubs,4.0,2.0,-2.0
Q3c,mean,economic_agency_mobility,ui,6.0,5.5,-0.5
Q3c,mean,economic_agency_mobility,wage_insurance,8.0,9.0,1.0
Q3c,mean,ownership_of_gains,almp,8.0,9.0,1.0
Q3c,mean,ownership_of_gains,directed_industrial_policy,5.0,5.0,0.0
Q3c,mean,ownership_of_gains,eitc,10.0,10.0,0.0
Q3c,mean,ownership_of_gains,fjg,7.0,7.0,0.0
Q3c,mean,ownership_of_gains,nit,4.0,4.0,0.0
Q3c,mean,ownership_of_gains,sawf,2.0,2.0,0.0
Q3c,mean,ownership_of_gains,ubc,1.0,1.0,0.0
Q3c,mean,ownership_of_gains,ubi,3.0,3.0,0.0
Q3c,mean,ownership_of_gains,ubs,6.0,6.0,0.0
Q3c,mean,ownership_of_gains,ui,9.0,8.0,-1.0
Q3c,mean,ownership_of_gains,wage_insurance,11.0,11.0,0.0
Q3c,mean,democratic_voice,almp,10.0,10.0,0.0
Q3c,mean,democratic_voice,directed_industrial_policy,11.0,11.0,0.0
Q3c,mean,democratic_voice,eitc,8.0,8.0,0.0
Q3c,mean,democratic_voice,fjg,6.0,6.0,0.0
Q3c,mean,democratic_voice,nit,5.0,5.0,0.0
Q3c,mean,democratic_voice,sawf,2.0,2.0,0.0
Q3c,mean,democratic_voice,ubc,1.0,1.0,0.0
Q3c,mean,democratic_voice,ubi,3.0,3.0,0.0
Q3c,mean,democratic_voice,ubs,4.0,4.0,0.0
Q3c,mean,democratic_voice,ui,7.0,7.0,0.0
Q3c,mean,democratic_voice,wage_insurance,9.0,9.0,0.0
Q3c,mean,economic_feasibility,almp,3.0,3.0,0.0
Q3c,mean,economic_feasibility,directed_industrial_policy,9.0,9.0,0.0
Q3c,mean,economic_feasibility,eitc,1.0,2.0,1.0
Q3c,mean,economic_feasibility,fjg,10.0,10.0,0.0
Q3c,mean,economic_feasibility,nit,6.0,6.0,0.0
Q3c,mean,economic_feasibility,sawf,5.0,5.0,0.0
Q3c,mean,economic_feasibility,ubc,7.0,7.0,0.0
Q3c,mean,economic_feasibility,ubi,11.0,11.0,0.0
Q3c,mean,economic_feasibility,ubs,8.0,8.0,0.0
Q3c,mean,economic_feasibility,ui,4.0,4.0,0.0
Q3c,mean,economic_feasibility,wage_insurance,2.0,1.0,-1.0
Q3c,mean,implementation_readiness,almp,5.0,5.0,0.0
Q3c,mean,implementation_readiness,directed_industrial_policy,6.0,6.0,0.0
Q3c,mean,implementation_readiness,eitc,1.0,1.0,0.0
Q3c,mean,implementation_readiness,fjg,11.0,11.0,0.0
Q3c,mean,implementation_readiness,nit,3.0,3.0,0.0
Q3c,mean,implementation_readiness,sawf,9.0,8.0,-1.0
Q3c,mean,implementation_readiness,ubc,7.0,7.0,0.0
Q3c,mean,implementation_readiness,ubi,8.0,9.0,1.0
Q3c,mean,implementation_readiness,ubs,10.0,10.0,0.0
Q3c,mean,implementation_readiness,ui,2.0,2.0,0.0
Q3c,mean,implementation_readiness,wage_insurance,4.0,4.0,0.0
Q3c,mean,mild_disruption,almp,5.0,5.0,0.0
Q3c,mean,mild_disruption,directed_industrial_policy,11.0,10.0,-1.0
Q3c,mean,mild_disruption,eitc,3.0,3.0,0.0
Q3c,mean,mild_disruption,fjg,6.0,7.0,1.0
Q3c,mean,mild_disruption,nit,2.0,2.0,0.0
Q3c,mean,mild_disruption,sawf,8.0,6.0,-2.0
Q3c,mean,mild_disruption,ubc,9.0,9.0,0.0
Q3c,mean,mild_disruption,ubi,10.0,11.0,1.0
Q3c,mean,mild_disruption,ubs,7.0,8.0,1.0
Q3c,mean,mild_disruption,ui,1.0,1.0,0.0
Q3c,mean,mild_disruption,wage_insurance,4.0,4.0,0.0
Q3c,mean,moderate_disruption,almp,8.0,9.0,1.0
Q3c,mean,moderate_disruption,directed_industrial_policy,9.0,8.0,-1.0
Q3c,mean,moderate_disruption,eitc,11.0,11.0,0.0
Q3c,mean,moderate_disruption,fjg,5.0,5.0,0.0
Q3c,mean,moderate_disruption,nit,6.0,6.0,0.0
Q3c,mean,moderate_disruption,sawf,3.0,3.0,0.0
Q3c,mean,moderate_disruption,ubc,1.0,1.0,0.0
Q3c,mean,moderate_disruption,ubi,2.0,2.0,0.0
Q3c,mean,moderate_disruption,ubs,4.0,4.0,0.0
Q3c,mean,moderate_disruption,ui,7.0,7.0,0.0
Q3c,mean,moderate_disruption,wage_insurance,10.0,10.0,0.0
Q3c,mean,full_transformation,almp,9.0,9.0,0.0
Q3c,mean,full_transformation,directed_industrial_policy,7.0,7.0,0.0
Q3c,mean,full_transformation,eitc,11.0,11.0,0.0
Q3c,mean,full_transformation,fjg,6.0,6.0,0.0
Q3c,mean,full_transformation,nit,5.0,5.0,0.0
Q3c,mean,full_transformation,sawf,3.0,3.0,0.0
Q3c,mean,full_transformation,ubc,1.0,1.0,0.0
Q3c,mean,full_transformation,ubi,2.0,2.0,0.0
Q3c,mean,full_transformation,ubs,4.0,4.0,0.0
Q3c,mean,full_transformation,ui,8.0,8.0,0.0
Q3c,mean,full_transformation,wage_insurance,10.0,10.0,0.0
Q3c,mean,welfare_resilience,almp,11.0,11.0,0.0
Q3c,mean,welfare_resilience,directed_industrial_policy,10.0,9.0,-1.0
Q3c,mean,welfare_resilience,eitc,5.0,6.0,1.0
Q3c,mean,welfare_resilience,fjg,1.0,1.0,0.0
Q3c,mean,welfare_resilience,nit,2.0,2.0,0.0
Q3c,mean,welfare_resilience,sawf,7.0,7.0,0.0
Q3c,mean,welfare_resilience,ubc,9.0,10.0,1.0
Q3c,mean,welfare_resilience,ubi,6.0,5.0,-1.0
Q3c,mean,welfare_resilience,ubs,4.0,4.0,0.0
Q3c,mean,welfare_resilience,ui,3.0,3.0,0.0
Q3c,mean,welfare_resilience,wage_insurance,8.0,8.0,0.0
Q3c,mean,agency_voice,almp,8.0,8.0,0.0
Q3c,mean,agency_voice,directed_industrial_policy,11.0,10.0,-1.0
Q3c,mean,agency_voice,eitc,10.0,11.0,1.0
Q3c,mean,agency_voice,fjg,6.0,6.0,0.0
Q3c,mean,agency_voice,nit,4.0,5.0,1.0
Q3c,mean,agency_voice,sawf,2.0,2.0,0.0
Q3c,mean,agency_voice,ubc,1.0,1.0,0.0
Q3c,mean,agency_voice,ubi,3.0,3.0,0.0
Q3c,mean,agency_voice,ubs,5.0,4.0,-1.0
Q3c,mean,agency_voice,ui,7.0,7.0,0.0
Q3c,mean,agency_voice,wage_insurance,9.0,9.0,0.0
Q3c,mean,feasibility,almp,5.0,5.0,0.0
Q3c,mean,feasibility,directed_industrial_policy,8.0,8.0,0.0
Q3c,mean,feasibility,eitc,1.0,1.0,0.0
Q3c,mean,feasibility,fjg,11.0,11.0,0.0
Q3c,mean,feasibility,nit,3.0,4.0,1.0
Q3c,mean,feasibility,sawf,6.0,6.0,0.0
Q3c,mean,feasibility,ubc,7.0,7.0,0.0
Q3c,mean,feasibility,ubi,10.0,10.0,0.0
Q3c,mean,feasibility,ubs,9.0,9.0,0.0
Q3c,mean,feasibility,ui,2.0,2.0,0.0
Q3c,mean,feasibility,wage_insurance,4.0,3.0,-1.0
Q3c,mean,scenario_durability,almp,8.0,8.0,0.0
Q3c,mean,scenario_durability,directed_industrial_policy,11.0,9.0,-2.0
Q3c,mean,scenario_durability,eitc,10.0,10.0,0.0
Q3c,mean,scenario_durability,fjg,6.0,6.0,0.0
Q3c,mean,scenario_durability,nit,5.0,5.0,0.0
Q3c,mean,scenario_durability,sawf,2.0,2.0,0.0
Q3c,mean,scenario_durability,ubc,1.0,1.0,0.0
Q3c,mean,scenario_durability,ubi,3.0,3.0,0.0
Q3c,mean,scenario_durability,ubs,4.0,4.0,0.0
Q3c,mean,scenario_durability,ui,7.0,7.0,0.0
Q3c,mean,scenario_durability,wage_insurance,9.0,11.0,2.0
D2,mean,standards_of_living,almp,11.0,11.0,0.0
D2,mean,standards_of_living,directed_industrial_policy,10.0,10.0,0.0
D2,mean,standards_of_living,eitc,4.0,5.0,1.0
D2,mean,standards_of_living,fjg,6.0,4.0,-2.0
D2,mean,standards_of_living,nit,1.0,3.0,2.0
D2,mean,standards_of_living,sawf,7.0,6.0,-1.0
D2,mean,standards_of_living,ubc,9.0,9.0,0.0
D2,mean,standards_of_living,ubi,3.0,1.0,-2.0
D2,mean,standards_of_living,ubs,2.0,2.0,0.0
D2,mean,standards_of_living,ui,5.0,7.0,2.0
D2,mean,standards_of_living,wage_insurance,8.0,8.0,0.0
D2,mean,meaning_human_value,almp,4.0,4.0,0.0
D2,mean,meaning_human_value,directed_industrial_policy,8.0,9.0,1.0
D2,mean,meaning_human_value,eitc,2.0,7.0,5.0
D2,mean,meaning_human_value,fjg,1.0,1.0,0.0
D2,mean,meaning_human_value,nit,9.0,8.0,-1.0
D2,mean,meaning_human_value,sawf,11.0,10.0,-1.0
D2,mean,meaning_human_value,ubc,6.0,3.0,-3.0
D2,mean,meaning_human_value,ubi,7.0,2.0,-5.0
D2,mean,meaning_human_value,ubs,5.0,5.0,0.0
D2,mean,meaning_human_value,ui,10.0,11.0,1.0
D2,mean,meaning_human_value,wage_insurance,3.0,6.0,3.0
D2,mean,macro_stabilisation,almp,11.0,11.0,0.0
D2,mean,macro_stabilisation,directed_industrial_policy,10.0,10.0,0.0
D2,mean,macro_stabilisation,eitc,7.0,7.0,0.0
D2,mean,macro_stabilisation,fjg,3.0,2.0,-1.0
D2,mean,macro_stabilisation,nit,2.0,3.0,1.0
D2,mean,macro_stabilisation,sawf,6.0,6.0,0.0
D2,mean,macro_stabilisation,ubc,9.0,9.0,0.0
D2,mean,macro_stabilisation,ubi,5.0,4.0,-1.0
D2,mean,macro_stabilisation,ubs,4.0,5.0,1.0
D2,mean,macro_stabilisation,ui,1.0,1.0,0.0
D2,mean,macro_stabilisation,wage_insurance,8.0,8.0,0.0
D2,mean,economic_agency_mobility,almp,5.0,3.0,-2.0
D2,mean,economic_agency_mobility,directed_industrial_policy,10.0,10.0,0.0
D2,mean,economic_agency_mobility,eitc,11.0,11.0,0.0
D2,mean,economic_agency_mobility,fjg,2.0,2.0,0.0
D2,mean,economic_agency_mobility,nit,7.0,7.0,0.0
D2,mean,economic_agency_mobility,sawf,9.0,9.0,0.0
D2,mean,economic_agency_mobility,ubc,4.0,4.0,0.0
D2,mean,economic_agency_mobility,ubi,1.0,1.0,0.0
D2,mean,economic_agency_mobility,ubs,3.0,5.0,2.0
D2,mean,economic_agency_mobility,ui,6.0,6.0,0.0
D2,mean,economic_agency_mobility,wage_insurance,8.0,8.0,0.0
D2,mean,ownership_of_gains,almp,9.0,8.0,-1.0
D2,mean,ownership_of_gains,directed_industrial_policy,5.0,5.0,0.0
D2,mean,ownership_of_gains,eitc,10.0,10.0,0.0
D2,mean,ownership_of_gains,fjg,7.0,7.0,0.0
D2,mean,ownership_of_gains,nit,4.0,4.0,0.0
D2,mean,ownership_of_gains,sawf,2.0,2.0,0.0
D2,mean,ownership_of_gains,ubc,1.0,1.0,0.0
D2,mean,ownership_of_gains,ubi,3.0,3.0,0.0
D2,mean,ownership_of_gains,ubs,6.0,6.0,0.0
D2,mean,ownership_of_gains,ui,8.0,9.0,1.0
D2,mean,ownership_of_gains,wage_insurance,11.0,11.0,0.0
D2,mean,democratic_voice,almp,10.0,9.5,-0.5
D2,mean,democratic_voice,directed_industrial_policy,11.0,11.0,0.0
D2,mean,democratic_voice,eitc,8.0,8.0,0.0
D2,mean,democratic_voice,fjg,6.0,5.0,-1.0
D2,mean,democratic_voice,nit,5.0,6.0,1.0
D2,mean,democratic_voice,sawf,1.0,1.0,0.0
D2,mean,democratic_voice,ubc,2.0,2.0,0.0
D2,mean,democratic_voice,ubi,3.0,3.0,0.0
D2,mean,democratic_voice,ubs,4.0,4.0,0.0
D2,mean,democratic_voice,ui,7.0,7.0,0.0
D2,mean,democratic_voice,wage_insurance,9.0,9.5,0.5
D2,mean,economic_feasibility,almp,3.0,3.0,0.0
D2,mean,economic_feasibility,directed_industrial_policy,9.0,11.0,2.0
D2,mean,economic_feasibility,eitc,1.0,2.0,1.0
D2,mean,economic_feasibility,fjg,10.0,9.0,-1.0
D2,mean,economic_feasibility,nit,6.0,7.0,1.0
D2,mean,economic_feasibility,sawf,5.0,4.0,-1.0
D2,mean,economic_feasibility,ubc,7.0,8.0,1.0
D2,mean,economic_feasibility,ubi,11.0,10.0,-1.0
D2,mean,economic_feasibility,ubs,8.0,6.0,-2.0
D2,mean,economic_feasibility,ui,4.0,5.0,1.0
D2,mean,economic_feasibility,wage_insurance,2.0,1.0,-1.0
D2,mean,implementation_readiness,almp,5.0,4.0,-1.0
D2,mean,implementation_readiness,directed_industrial_policy,6.0,6.0,0.0
D2,mean,implementation_readiness,eitc,1.0,1.0,0.0
D2,mean,implementation_readiness,fjg,11.0,11.0,0.0
D2,mean,implementation_readiness,nit,3.0,3.0,0.0
D2,mean,implementation_readiness,sawf,9.0,9.0,0.0
D2,mean,implementation_readiness,ubc,8.0,8.0,0.0
D2,mean,implementation_readiness,ubi,7.0,7.0,0.0
D2,mean,implementation_readiness,ubs,10.0,10.0,0.0
D2,mean,implementation_readiness,ui,2.0,2.0,0.0
D2,mean,implementation_readiness,wage_insurance,4.0,5.0,1.0
D2,mean,mild_disruption,almp,5.0,5.0,0.0
D2,mean,mild_disruption,directed_industrial_policy,11.0,11.0,0.0
D2,mean,mild_disruption,eitc,3.0,3.0,0.0
D2,mean,mild_disruption,fjg,7.0,4.0,-3.0
D2,mean,mild_disruption,nit,2.0,2.0,0.0
D2,mean,mild_disruption,sawf,6.0,6.0,0.0
D2,mean,mild_disruption,ubc,9.0,10.0,1.0
D2,mean,mild_disruption,ubi,10.0,9.0,-1.0
D2,mean,mild_disruption,ubs,8.0,8.0,0.0
D2,mean,mild_disruption,ui,1.0,1.0,0.0
D2,mean,mild_disruption,wage_insurance,4.0,7.0,3.0
D2,mean,moderate_disruption,almp,8.0,8.0,0.0
D2,mean,moderate_disruption,directed_industrial_policy,9.0,9.0,0.0
D2,mean,moderate_disruption,eitc,11.0,11.0,0.0
D2,mean,moderate_disruption,fjg,5.0,5.0,0.0
D2,mean,moderate_disruption,nit,6.0,6.0,0.0
D2,mean,moderate_disruption,sawf,3.0,4.0,1.0
D2,mean,moderate_disruption,ubc,1.0,2.0,1.0
D2,mean,moderate_disruption,ubi,2.0,1.0,-1.0
D2,mean,moderate_disruption,ubs,4.0,3.0,-1.0
D2,mean,moderate_disruption,ui,7.0,7.0,0.0
D2,mean,moderate_disruption,wage_insurance,10.0,10.0,0.0
D2,mean,full_transformation,almp,9.0,8.0,-1.0
D2,mean,full_transformation,directed_industrial_policy,7.0,7.0,0.0
D2,mean,full_transformation,eitc,11.0,11.0,0.0
D2,mean,full_transformation,fjg,6.0,5.0,-1.0
D2,mean,full_transformation,nit,5.0,6.0,1.0
D2,mean,full_transformation,sawf,3.0,3.0,0.0
D2,mean,full_transformation,ubc,1.0,1.0,0.0
D2,mean,full_transformation,ubi,2.0,2.0,0.0
D2,mean,full_transformation,ubs,4.0,4.0,0.0
D2,mean,full_transformation,ui,8.0,9.0,1.0
D2,mean,full_transformation,wage_insurance,10.0,10.0,0.0
D2,mean,welfare_resilience,almp,11.0,10.0,-1.0
D2,mean,welfare_resilience,directed_industrial_policy,10.0,11.0,1.0
D2,mean,welfare_resilience,eitc,6.0,6.0,0.0
D2,mean,welfare_resilience,fjg,1.0,1.0,0.0
D2,mean,welfare_resilience,nit,2.0,2.0,0.0
D2,mean,welfare_resilience,sawf,7.0,7.0,0.0
D2,mean,welfare_resilience,ubc,9.0,9.0,0.0
D2,mean,welfare_resilience,ubi,5.0,3.0,-2.0
D2,mean,welfare_resilience,ubs,4.0,5.0,1.0
D2,mean,welfare_resilience,ui,3.0,4.0,1.0
D2,mean,welfare_resilience,wage_insurance,8.0,8.0,0.0
D2,mean,agency_voice,almp,8.0,8.0,0.0
D2,mean,agency_voice,directed_industrial_policy,11.0,10.0,-1.0
D2,mean,agency_voice,eitc,10.0,11.0,1.0
D2,mean,agency_voice,fjg,6.0,4.0,-2.0
D2,mean,agency_voice,nit,5.0,5.0,0.0
D2,mean,agency_voice,sawf,2.0,2.0,0.0
D2,mean,agency_voice,ubc,1.0,1.0,0.0
D2,mean,agency_voice,ubi,3.0,3.0,0.0
D2,mean,agency_voice,ubs,4.0,6.0,2.0
D2,mean,agency_voice,ui,7.0,7.0,0.0
D2,mean,agency_voice,wage_insurance,9.0,9.0,0.0
D2,mean,feasibility,almp,5.0,5.0,0.0
D2,mean,feasibility,directed_industrial_policy,8.0,10.0,2.0
D2,mean,feasibility,eitc,1.0,1.0,0.0
D2,mean,feasibility,fjg,11.0,11.0,0.0
D2,mean,feasibility,nit,3.0,3.0,0.0
D2,mean,feasibility,sawf,6.0,6.0,0.0
D2,mean,feasibility,ubc,7.0,7.0,0.0
D2,mean,feasibility,ubi,10.0,9.0,-1.0
D2,mean,feasibility,ubs,9.0,8.0,-1.0
D2,mean,feasibility,ui,2.0,2.0,0.0
D2,mean,feasibility,wage_insurance,4.0,4.0,0.0
D2,mean,scenario_durability,almp,9.0,8.0,-1.0
D2,mean,scenario_durability,directed_industrial_policy,11.0,11.0,0.0
D2,mean,scenario_durability,eitc,10.0,10.0,0.0
D2,mean,scenario_durability,fjg,6.0,5.0,-1.0
D2,mean,scenario_durability,nit,5.0,6.0,1.0
D2,mean,scenario_durability,sawf,3.0,3.0,0.0
D2,mean,scenario_durability,ubc,1.0,2.0,1.0
D2,mean,scenario_durability,ubi,2.0,1.0,-1.0
D2,mean,scenario_durability,ubs,4.0,4.0,0.0
D2,mean,scenario_durability,ui,7.0,7.0,0.0
D2,mean,scenario_durability,wage_insurance,8.0,9.0,1.0
B',median,standards_of_living,almp,11.0,10.5,-0.5
B',median,standards_of_living,directed_industrial_policy,10.0,10.5,0.5
B',median,standards_of_living,eitc,4.0,4.0,0.0
B',median,standards_of_living,fjg,7.0,7.0,0.0
B',median,standards_of_living,nit,1.0,2.0,1.0
B',median,standards_of_living,sawf,6.0,5.5,-0.5
B',median,standards_of_living,ubc,9.0,9.0,0.0
B',median,standards_of_living,ubi,2.5,2.0,-0.5
B',median,standards_of_living,ubs,2.5,2.0,-0.5
B',median,standards_of_living,ui,5.0,5.5,0.5
B',median,standards_of_living,wage_insurance,8.0,8.0,0.0
B',median,meaning_human_value,almp,4.0,4.0,0.0
B',median,meaning_human_value,directed_industrial_policy,8.0,8.0,0.0
B',median,meaning_human_value,eitc,2.0,3.0,1.0
B',median,meaning_human_value,fjg,1.0,1.0,0.0
B',median,meaning_human_value,nit,9.0,8.0,-1.0
B',median,meaning_human_value,sawf,11.0,11.0,0.0
B',median,meaning_human_value,ubc,6.0,5.5,-0.5
B',median,meaning_human_value,ubi,7.0,8.0,1.0
B',median,meaning_human_value,ubs,5.0,5.5,0.5
B',median,meaning_human_value,ui,10.0,10.0,0.0
B',median,meaning_human_value,wage_insurance,3.0,2.0,-1.0
B',median,macro_stabilisation,almp,11.0,11.0,0.0
B',median,macro_stabilisation,directed_industrial_policy,10.0,10.0,0.0
B',median,macro_stabilisation,eitc,7.0,6.5,-0.5
B',median,macro_stabilisation,fjg,3.0,3.0,0.0
B',median,macro_stabilisation,nit,2.0,2.0,0.0
B',median,macro_stabilisation,sawf,6.0,5.0,-1.0
B',median,macro_stabilisation,ubc,9.0,9.0,0.0
B',median,macro_stabilisation,ubi,5.0,4.0,-1.0
B',median,macro_stabilisation,ubs,4.0,6.5,2.5
B',median,macro_stabilisation,ui,1.0,1.0,0.0
B',median,macro_stabilisation,wage_insurance,8.0,8.0,0.0
B',median,economic_agency_mobility,almp,5.0,3.5,-1.5
B',median,economic_agency_mobility,directed_industrial_policy,10.0,10.0,0.0
B',median,economic_agency_mobility,eitc,11.0,11.0,0.0
B',median,economic_agency_mobility,fjg,2.0,3.5,1.5
B',median,economic_agency_mobility,nit,7.0,6.5,-0.5
B',median,economic_agency_mobility,sawf,9.0,8.5,-0.5
B',median,economic_agency_mobility,ubc,4.0,3.5,-0.5
B',median,economic_agency_mobility,ubi,1.0,1.0,0.0
B',median,economic_agency_mobility,ubs,3.0,3.5,0.5
B',median,economic_agency_mobility,ui,6.0,6.5,0.5
B',median,economic_agency_mobility,wage_insurance,8.0,8.5,0.5
B',median,ownership_of_gains,almp,11.0,10.0,-1.0
B',median,ownership_of_gains,directed_industrial_policy,6.0,5.5,-0.5
B',median,ownership_of_gains,eitc,9.0,10.0,1.0
B',median,ownership_of_gains,fjg,7.0,7.0,0.0
B',median,ownership_of_gains,nit,4.0,4.0,0.0
B',median,ownership_of_gains,sawf,2.0,2.0,0.0
B',median,ownership_of_gains,ubc,1.0,1.0,0.0
B',median,ownership_of_gains,ubi,3.0,3.0,0.0
B',median,ownership_of_gains,ubs,5.0,5.5,0.5
B',median,ownership_of_gains,ui,9.0,8.0,-1.0
B',median,ownership_of_gains,wage_insurance,9.0,10.0,1.0
B',median,democratic_voice,almp,10.0,10.0,0.0
B',median,democratic_voice,directed_industrial_policy,11.0,11.0,0.0
B',median,democratic_voice,eitc,8.0,8.0,0.0
B',median,democratic_voice,fjg,6.0,6.5,0.5
B',median,democratic_voice,nit,5.0,5.0,0.0
B',median,democratic_voice,sawf,1.5,1.5,0.0
B',median,democratic_voice,ubc,1.5,1.5,0.0
B',median,democratic_voice,ubi,3.0,3.0,0.0
B',median,democratic_voice,ubs,4.0,4.0,0.0
B',median,democratic_voice,ui,7.0,6.5,-0.5
B',median,democratic_voice,wage_insurance,9.0,9.0,0.0
B',median,economic_feasibility,almp,3.0,3.0,0.0
B',median,economic_feasibility,directed_industrial_policy,9.0,9.0,0.0
B',median,economic_feasibility,eitc,2.0,2.0,0.0
B',median,economic_feasibility,fjg,10.0,10.0,0.0
B',median,economic_feasibility,nit,6.0,6.0,0.0
B',median,economic_feasibility,sawf,5.0,5.0,0.0
B',median,economic_feasibility,ubc,7.0,7.0,0.0
B',median,economic_feasibility,ubi,11.0,11.0,0.0
B',median,economic_feasibility,ubs,8.0,8.0,0.0
B',median,economic_feasibility,ui,4.0,4.0,0.0
B',median,economic_feasibility,wage_insurance,1.0,1.0,0.0
B',median,implementation_readiness,almp,5.0,5.0,0.0
B',median,implementation_readiness,directed_industrial_policy,6.0,6.5,0.5
B',median,implementation_readiness,eitc,1.0,1.0,0.0
B',median,implementation_readiness,fjg,11.0,11.0,0.0
B',median,implementation_readiness,nit,3.0,3.0,0.0
B',median,implementation_readiness,sawf,9.0,10.0,1.0
B',median,implementation_readiness,ubc,8.0,6.5,-1.5
B',median,implementation_readiness,ubi,7.0,8.0,1.0
B',median,implementation_readiness,ubs,10.0,9.0,-1.0
B',median,implementation_readiness,ui,2.0,2.0,0.0
B',median,implementation_readiness,wage_insurance,4.0,4.0,0.0
B',median,mild_disruption,almp,5.0,5.0,0.0
B',median,mild_disruption,directed_industrial_policy,11.0,11.0,0.0
B',median,mild_disruption,eitc,3.0,3.0,0.0
B',median,mild_disruption,fjg,6.5,6.5,0.0
B',median,mild_disruption,nit,2.0,1.5,-0.5
B',median,mild_disruption,sawf,6.5,6.5,0.0
B',median,mild_disruption,ubc,9.0,10.0,1.0
B',median,mild_disruption,ubi,10.0,9.0,-1.0
B',median,mild_disruption,ubs,8.0,8.0,0.0
B',median,mild_disruption,ui,1.0,1.5,0.5
B',median,mild_disruption,wage_insurance,4.0,4.0,0.0
B',median,moderate_disruption,almp,9.0,8.5,-0.5
B',median,moderate_disruption,directed_industrial_policy,9.0,8.5,-0.5
B',median,moderate_disruption,eitc,11.0,11.0,0.0
B',median,moderate_disruption,fjg,5.0,5.5,0.5
B',median,moderate_disruption,nit,6.0,5.5,-0.5
B',median,moderate_disruption,sawf,3.0,3.0,0.0
B',median,moderate_disruption,ubc,1.0,1.0,0.0
B',median,moderate_disruption,ubi,2.0,2.0,0.0
B',median,moderate_disruption,ubs,4.0,4.0,0.0
B',median,moderate_disruption,ui,7.0,7.0,0.0
B',median,moderate_disruption,wage_insurance,9.0,10.0,1.0
B',median,full_transformation,almp,9.0,9.0,0.0
B',median,full_transformation,directed_industrial_policy,7.0,7.0,0.0
B',median,full_transformation,eitc,11.0,10.5,-0.5
B',median,full_transformation,fjg,6.0,6.0,0.0
B',median,full_transformation,nit,5.0,5.0,0.0
B',median,full_transformation,sawf,3.0,3.0,0.0
B',median,full_transformation,ubc,1.0,1.0,0.0
B',median,full_transformation,ubi,2.0,2.0,0.0
B',median,full_transformation,ubs,4.0,4.0,0.0
B',median,full_transformation,ui,8.0,8.0,0.0
B',median,full_transformation,wage_insurance,10.0,10.5,0.5
B',median,welfare_resilience,almp,11.0,10.5,-0.5
B',median,welfare_resilience,directed_industrial_policy,10.0,10.5,0.5
B',median,welfare_resilience,eitc,6.0,6.0,0.0
B',median,welfare_resilience,fjg,1.0,1.0,0.0
B',median,welfare_resilience,nit,2.0,2.0,0.0
B',median,welfare_resilience,sawf,7.0,7.0,0.0
B',median,welfare_resilience,ubc,9.0,9.0,0.0
B',median,welfare_resilience,ubi,5.0,4.0,-1.0
B',median,welfare_resilience,ubs,4.0,5.0,1.0
B',median,welfare_resilience,ui,3.0,3.0,0.0
B',median,welfare_resilience,wage_insurance,8.0,8.0,0.0
B',median,agency_voice,almp,8.0,8.0,0.0
B',median,agency_voice,directed_industrial_policy,11.0,11.0,0.0
B',median,agency_voice,eitc,10.0,10.0,0.0
B',median,agency_voice,fjg,6.0,6.0,0.0
B',median,agency_voice,nit,5.0,4.0,-1.0
B',median,agency_voice,sawf,2.0,2.0,0.0
B',median,agency_voice,ubc,1.0,1.0,0.0
B',median,agency_voice,ubi,3.0,3.0,0.0
B',median,agency_voice,ubs,4.0,5.0,1.0
B',median,agency_voice,ui,7.0,7.0,0.0
B',median,agency_voice,wage_insurance,9.0,9.0,0.0
B',median,feasibility,almp,5.0,5.0,0.0
B',median,feasibility,directed_industrial_policy,8.0,9.0,1.0
B',median,feasibility,eitc,1.0,1.0,0.0
B',median,feasibility,fjg,11.0,11.0,0.0
B',median,feasibility,nit,3.0,3.0,0.0
B',median,feasibility,sawf,6.0,6.0,0.0
B',median,feasibility,ubc,7.0,7.0,0.0
B',median,feasibility,ubi,10.0,10.0,0.0
B',median,feasibility,ubs,9.0,8.0,-1.0
B',median,feasibility,ui,2.0,2.0,0.0
B',median,feasibility,wage_insurance,4.0,4.0,0.0
B',median,scenario_durability,almp,9.0,8.5,-0.5
B',median,scenario_durability,directed_industrial_policy,11.0,11.0,0.0
B',median,scenario_durability,eitc,10.0,10.0,0.0
B',median,scenario_durability,fjg,6.0,6.0,0.0
B',median,scenario_durability,nit,5.0,5.0,0.0
B',median,scenario_durability,sawf,3.0,3.0,0.0
B',median,scenario_durability,ubc,1.0,1.0,0.0
B',median,scenario_durability,ubi,2.0,2.0,0.0
B',median,scenario_durability,ubs,4.0,4.0,0.0
B',median,scenario_durability,ui,7.0,7.0,0.0
B',median,scenario_durability,wage_insurance,8.0,8.5,0.5
Q1,median,standards_of_living,almp,11.0,11.0,0.0
Q1,median,standards_of_living,directed_industrial_policy,10.0,9.0,-1.0
Q1,median,standards_of_living,eitc,4.0,6.0,2.0
Q1,median,standards_of_living,fjg,7.0,5.0,-2.0
Q1,median,standards_of_living,nit,1.0,2.5,1.5
Q1,median,standards_of_living,sawf,6.0,7.0,1.0
Q1,median,standards_of_living,ubc,9.0,10.0,1.0
Q1,median,standards_of_living,ubi,2.5,2.5,0.0
Q1,median,standards_of_living,ubs,2.5,1.0,-1.5
Q1,median,standards_of_living,ui,5.0,4.0,-1.0
Q1,median,standards_of_living,wage_insurance,8.0,8.0,0.0
Q1,median,meaning_human_value,almp,4.0,6.5,2.5
Q1,median,meaning_human_value,directed_industrial_policy,8.0,2.0,-6.0
Q1,median,meaning_human_value,eitc,2.0,4.0,2.0
Q1,median,meaning_human_value,fjg,1.0,1.0,0.0
Q1,median,meaning_human_value,nit,9.0,9.5,0.5
Q1,median,meaning_human_value,sawf,11.0,11.0,0.0
Q1,median,meaning_human_value,ubc,6.0,8.0,2.0
Q1,median,meaning_human_value,ubi,7.0,6.5,-0.5
Q1,median,meaning_human_value,ubs,5.0,5.0,0.0
Q1,median,meaning_human_value,ui,10.0,9.5,-0.5
Q1,median,meaning_human_value,wage_insurance,3.0,3.0,0.0
Q1,median,macro_stabilisation,almp,11.0,11.0,0.0
Q1,median,macro_stabilisation,directed_industrial_policy,10.0,9.0,-1.0
Q1,median,macro_stabilisation,eitc,7.0,7.0,0.0
Q1,median,macro_stabilisation,fjg,3.0,2.0,-1.0
Q1,median,macro_stabilisation,nit,2.0,3.0,1.0
Q1,median,macro_stabilisation,sawf,6.0,6.0,0.0
Q1,median,macro_stabilisation,ubc,9.0,10.0,1.0
Q1,median,macro_stabilisation,ubi,5.0,5.0,0.0
Q1,median,macro_stabilisation,ubs,4.0,4.0,0.0
Q1,median,macro_stabilisation,ui,1.0,1.0,0.0
Q1,median,macro_stabilisation,wage_insurance,8.0,8.0,0.0
Q1,median,economic_agency_mobility,almp,5.0,5.5,0.5
Q1,median,economic_agency_mobility,directed_industrial_policy,10.0,10.0,0.0
Q1,median,economic_agency_mobility,eitc,11.0,11.0,0.0
Q1,median,economic_agency_mobility,fjg,2.0,7.0,5.0
Q1,median,economic_agency_mobility,nit,7.0,4.0,-3.0
Q1,median,economic_agency_mobility,sawf,9.0,9.0,0.0
Q1,median,economic_agency_mobility,ubc,4.0,3.0,-1.0
Q1,median,economic_agency_mobility,ubi,1.0,1.0,0.0
Q1,median,economic_agency_mobility,ubs,3.0,2.0,-1.0
Q1,median,economic_agency_mobility,ui,6.0,8.0,2.0
Q1,median,economic_agency_mobility,wage_insurance,8.0,5.5,-2.5
Q1,median,ownership_of_gains,almp,11.0,9.5,-1.5
Q1,median,ownership_of_gains,directed_industrial_policy,6.0,4.5,-1.5
Q1,median,ownership_of_gains,eitc,9.0,9.5,0.5
Q1,median,ownership_of_gains,fjg,7.0,7.0,0.0
Q1,median,ownership_of_gains,nit,4.0,4.5,0.5
Q1,median,ownership_of_gains,sawf,2.0,1.5,-0.5
Q1,median,ownership_of_gains,ubc,1.0,1.5,0.5
Q1,median,ownership_of_gains,ubi,3.0,3.0,0.0
Q1,median,ownership_of_gains,ubs,5.0,6.0,1.0
Q1,median,ownership_of_gains,ui,9.0,9.5,0.5
Q1,median,ownership_of_gains,wage_insurance,9.0,9.5,0.5
Q1,median,democratic_voice,almp,10.0,11.0,1.0
Q1,median,democratic_voice,directed_industrial_policy,11.0,9.0,-2.0
Q1,median,democratic_voice,eitc,8.0,8.0,0.0
Q1,median,democratic_voice,fjg,6.0,5.5,-0.5
Q1,median,democratic_voice,nit,5.0,5.5,0.5
Q1,median,democratic_voice,sawf,1.5,1.0,-0.5
Q1,median,democratic_voice,ubc,1.5,2.0,0.5
Q1,median,democratic_voice,ubi,3.0,3.0,0.0
Q1,median,democratic_voice,ubs,4.0,4.0,0.0
Q1,median,democratic_voice,ui,7.0,7.0,0.0
Q1,median,democratic_voice,wage_insurance,9.0,10.0,1.0
Q1,median,economic_feasibility,almp,3.0,3.0,0.0
Q1,median,economic_feasibility,directed_industrial_policy,9.0,8.0,-1.0
Q1,median,economic_feasibility,eitc,2.0,1.5,-0.5
Q1,median,economic_feasibility,fjg,10.0,10.0,0.0
Q1,median,economic_feasibility,nit,6.0,7.0,1.0
Q1,median,economic_feasibility,sawf,5.0,4.0,-1.0
Q1,median,economic_feasibility,ubc,7.0,6.0,-1.0
Q1,median,economic_feasibility,ubi,11.0,11.0,0.0
Q1,median,economic_feasibility,ubs,8.0,9.0,1.0
Q1,median,economic_feasibility,ui,4.0,5.0,1.0
Q1,median,economic_feasibility,wage_insurance,1.0,1.5,0.5
Q1,median,implementation_readiness,almp,5.0,5.0,0.0
Q1,median,implementation_readiness,directed_industrial_policy,6.0,8.0,2.0
Q1,median,implementation_readiness,eitc,1.0,1.0,0.0
Q1,median,implementation_readiness,fjg,11.0,11.0,0.0
Q1,median,implementation_readiness,nit,3.0,3.0,0.0
Q1,median,implementation_readiness,sawf,9.0,9.0,0.0
Q1,median,implementation_readiness,ubc,8.0,7.0,-1.0
Q1,median,implementation_readiness,ubi,7.0,6.0,-1.0
Q1,median,implementation_readiness,ubs,10.0,10.0,0.0
Q1,median,implementation_readiness,ui,2.0,2.0,0.0
Q1,median,implementation_readiness,wage_insurance,4.0,4.0,0.0
Q1,median,mild_disruption,almp,5.0,8.0,3.0
Q1,median,mild_disruption,directed_industrial_policy,11.0,10.5,-0.5
Q1,median,mild_disruption,eitc,3.0,3.0,0.0
Q1,median,mild_disruption,fjg,6.5,7.0,0.5
Q1,median,mild_disruption,nit,2.0,2.0,0.0
Q1,median,mild_disruption,sawf,6.5,6.0,-0.5
Q1,median,mild_disruption,ubc,9.0,10.5,1.5
Q1,median,mild_disruption,ubi,10.0,9.0,-1.0
Q1,median,mild_disruption,ubs,8.0,5.0,-3.0
Q1,median,mild_disruption,ui,1.0,1.0,0.0
Q1,median,mild_disruption,wage_insurance,4.0,4.0,0.0
Q1,median,moderate_disruption,almp,9.0,10.0,1.0
Q1,median,moderate_disruption,directed_industrial_policy,9.0,7.0,-2.0
Q1,median,moderate_disruption,eitc,11.0,11.0,0.0
Q1,median,moderate_disruption,fjg,5.0,5.0,0.0
Q1,median,moderate_disruption,nit,6.0,6.0,0.0
Q1,median,moderate_disruption,sawf,3.0,4.0,1.0
Q1,median,moderate_disruption,ubc,1.0,2.0,1.0
Q1,median,moderate_disruption,ubi,2.0,1.0,-1.0
Q1,median,moderate_disruption,ubs,4.0,3.0,-1.0
Q1,median,moderate_disruption,ui,7.0,8.0,1.0
Q1,median,moderate_disruption,wage_insurance,9.0,9.0,0.0
Q1,median,full_transformation,almp,9.0,9.5,0.5
Q1,median,full_transformation,directed_industrial_policy,7.0,7.0,0.0
Q1,median,full_transformation,eitc,11.0,11.0,0.0
Q1,median,full_transformation,fjg,6.0,6.0,0.0
Q1,median,full_transformation,nit,5.0,5.0,0.0
Q1,median,full_transformation,sawf,3.0,3.0,0.0
Q1,median,full_transformation,ubc,1.0,2.0,1.0
Q1,median,full_transformation,ubi,2.0,1.0,-1.0
Q1,median,full_transformation,ubs,4.0,4.0,0.0
Q1,median,full_transformation,ui,8.0,8.0,0.0
Q1,median,full_transformation,wage_insurance,10.0,9.5,-0.5
Q1,median,welfare_resilience,almp,11.0,11.0,0.0
Q1,median,welfare_resilience,directed_industrial_policy,10.0,9.0,-1.0
Q1,median,welfare_resilience,eitc,6.0,6.0,0.0
Q1,median,welfare_resilience,fjg,1.0,1.0,0.0
Q1,median,welfare_resilience,nit,2.0,3.0,1.0
Q1,median,welfare_resilience,sawf,7.0,7.0,0.0
Q1,median,welfare_resilience,ubc,9.0,10.0,1.0
Q1,median,welfare_resilience,ubi,5.0,5.0,0.0
Q1,median,welfare_resilience,ubs,4.0,4.0,0.0
Q1,median,welfare_resilience,ui,3.0,2.0,-1.0
Q1,median,welfare_resilience,wage_insurance,8.0,8.0,0.0
Q1,median,agency_voice,almp,8.0,10.0,2.0
Q1,median,agency_voice,directed_industrial_policy,11.0,8.0,-3.0
Q1,median,agency_voice,eitc,10.0,11.0,1.0
Q1,median,agency_voice,fjg,6.0,6.0,0.0
Q1,median,agency_voice,nit,5.0,5.0,0.0
Q1,median,agency_voice,sawf,2.0,2.0,0.0
Q1,median,agency_voice,ubc,1.0,1.0,0.0
Q1,median,agency_voice,ubi,3.0,3.0,0.0
Q1,median,agency_voice,ubs,4.0,4.0,0.0
Q1,median,agency_voice,ui,7.0,7.0,0.0
Q1,median,agency_voice,wage_insurance,9.0,9.0,0.0
Q1,median,feasibility,almp,5.0,4.0,-1.0
Q1,median,feasibility,directed_industrial_policy,8.0,8.0,0.0
Q1,median,feasibility,eitc,1.0,1.0,0.0
Q1,median,feasibility,fjg,11.0,11.0,0.0
Q1,median,feasibility,nit,3.0,5.0,2.0
Q1,median,feasibility,sawf,6.0,6.0,0.0
Q1,median,feasibility,ubc,7.0,7.0,0.0
Q1,median,feasibility,ubi,10.0,9.0,-1.0
Q1,median,feasibility,ubs,9.0,10.0,1.0
Q1,median,feasibility,ui,2.0,2.0,0.0
Q1,median,feasibility,wage_insurance,4.0,3.0,-1.0
Q1,median,scenario_durability,almp,9.0,11.0,2.0
Q1,median,scenario_durability,directed_industrial_policy,11.0,8.0,-3.0
Q1,median,scenario_durability,eitc,10.0,10.0,0.0
Q1,median,scenario_durability,fjg,6.0,6.0,0.0
Q1,median,scenario_durability,nit,5.0,5.0,0.0
Q1,median,scenario_durability,sawf,3.0,2.0,-1.0
Q1,median,scenario_durability,ubc,1.0,4.0,3.0
Q1,median,scenario_durability,ubi,2.0,1.0,-1.0
Q1,median,scenario_durability,ubs,4.0,3.0,-1.0
Q1,median,scenario_durability,ui,7.0,7.0,0.0
Q1,median,scenario_durability,wage_insurance,8.0,9.0,1.0
Q4,median,standards_of_living,almp,11.0,11.0,0.0
Q4,median,standards_of_living,directed_industrial_policy,10.0,9.5,-0.5
Q4,median,standards_of_living,eitc,4.0,4.0,0.0
Q4,median,standards_of_living,fjg,7.0,5.5,-1.5
Q4,median,standards_of_living,nit,1.0,1.0,0.0
Q4,median,standards_of_living,sawf,6.0,5.5,-0.5
Q4,median,standards_of_living,ubc,9.0,9.5,0.5
Q4,median,standards_of_living,ubi,2.5,2.0,-0.5
Q4,median,standards_of_living,ubs,2.5,3.0,0.5
Q4,median,standards_of_living,ui,5.0,7.0,2.0
Q4,median,standards_of_living,wage_insurance,8.0,8.0,0.0
Q4,median,meaning_human_value,almp,4.0,5.0,1.0
Q4,median,meaning_human_value,directed_industrial_policy,8.0,2.5,-5.5
Q4,median,meaning_human_value,eitc,2.0,4.0,2.0
Q4,median,meaning_human_value,fjg,1.0,1.0,0.0
Q4,median,meaning_human_value,nit,9.0,7.0,-2.0
Q4,median,meaning_human_value,sawf,11.0,11.0,0.0
Q4,median,meaning_human_value,ubc,6.0,8.0,2.0
Q4,median,meaning_human_value,ubi,7.0,9.5,2.5
Q4,median,meaning_human_value,ubs,5.0,6.0,1.0
Q4,median,meaning_human_value,ui,10.0,9.5,-0.5
Q4,median,meaning_human_value,wage_insurance,3.0,2.5,-0.5
Q4,median,macro_stabilisation,almp,11.0,11.0,0.0
Q4,median,macro_stabilisation,directed_industrial_policy,10.0,9.5,-0.5
Q4,median,macro_stabilisation,eitc,7.0,7.5,0.5
Q4,median,macro_stabilisation,fjg,3.0,3.0,0.0
Q4,median,macro_stabilisation,nit,2.0,2.0,0.0
Q4,median,macro_stabilisation,sawf,6.0,5.0,-1.0
Q4,median,macro_stabilisation,ubc,9.0,9.5,0.5
Q4,median,macro_stabilisation,ubi,5.0,5.0,0.0
Q4,median,macro_stabilisation,ubs,4.0,5.0,1.0
Q4,median,macro_stabilisation,ui,1.0,1.0,0.0
Q4,median,macro_stabilisation,wage_insurance,8.0,7.5,-0.5
Q4,median,economic_agency_mobility,almp,5.0,4.5,-0.5
Q4,median,economic_agency_mobility,directed_industrial_policy,10.0,10.0,0.0
Q4,median,economic_agency_mobility,eitc,11.0,11.0,0.0
Q4,median,economic_agency_mobility,fjg,2.0,4.5,2.5
Q4,median,economic_agency_mobility,nit,7.0,3.0,-4.0
Q4,median,economic_agency_mobility,sawf,9.0,8.0,-1.0
Q4,median,economic_agency_mobility,ubc,4.0,6.0,2.0
Q4,median,economic_agency_mobility,ubi,1.0,1.0,0.0
Q4,median,economic_agency_mobility,ubs,3.0,2.0,-1.0
Q4,median,economic_agency_mobility,ui,6.0,9.0,3.0
Q4,median,economic_agency_mobility,wage_insurance,8.0,7.0,-1.0
Q4,median,ownership_of_gains,almp,11.0,11.0,0.0
Q4,median,ownership_of_gains,directed_industrial_policy,6.0,5.0,-1.0
Q4,median,ownership_of_gains,eitc,9.0,9.0,0.0
Q4,median,ownership_of_gains,fjg,7.0,7.0,0.0
Q4,median,ownership_of_gains,nit,4.0,4.0,0.0
Q4,median,ownership_of_gains,sawf,2.0,2.0,0.0
Q4,median,ownership_of_gains,ubc,1.0,1.0,0.0
Q4,median,ownership_of_gains,ubi,3.0,3.0,0.0
Q4,median,ownership_of_gains,ubs,5.0,6.0,1.0
Q4,median,ownership_of_gains,ui,9.0,9.0,0.0
Q4,median,ownership_of_gains,wage_insurance,9.0,9.0,0.0
Q4,median,democratic_voice,almp,10.0,9.5,-0.5
Q4,median,democratic_voice,directed_industrial_policy,11.0,11.0,0.0
Q4,median,democratic_voice,eitc,8.0,8.0,0.0
Q4,median,democratic_voice,fjg,6.0,6.0,0.0
Q4,median,democratic_voice,nit,5.0,5.0,0.0
Q4,median,democratic_voice,sawf,1.5,3.0,1.5
Q4,median,democratic_voice,ubc,1.5,1.0,-0.5
Q4,median,democratic_voice,ubi,3.0,2.0,-1.0
Q4,median,democratic_voice,ubs,4.0,4.0,0.0
Q4,median,democratic_voice,ui,7.0,7.0,0.0
Q4,median,democratic_voice,wage_insurance,9.0,9.5,0.5
Q4,median,economic_feasibility,almp,3.0,3.0,0.0
Q4,median,economic_feasibility,directed_industrial_policy,9.0,8.0,-1.0
Q4,median,economic_feasibility,eitc,2.0,1.0,-1.0
Q4,median,economic_feasibility,fjg,10.0,10.0,0.0
Q4,median,economic_feasibility,nit,6.0,6.0,0.0
Q4,median,economic_feasibility,sawf,5.0,5.0,0.0
Q4,median,economic_feasibility,ubc,7.0,7.0,0.0
Q4,median,economic_feasibility,ubi,11.0,11.0,0.0
Q4,median,economic_feasibility,ubs,8.0,9.0,1.0
Q4,median,economic_feasibility,ui,4.0,4.0,0.0
Q4,median,economic_feasibility,wage_insurance,1.0,2.0,1.0
Q4,median,implementation_readiness,almp,5.0,5.0,0.0
Q4,median,implementation_readiness,directed_industrial_policy,6.0,6.0,0.0
Q4,median,implementation_readiness,eitc,1.0,1.0,0.0
Q4,median,implementation_readiness,fjg,11.0,11.0,0.0
Q4,median,implementation_readiness,nit,3.0,3.0,0.0
Q4,median,implementation_readiness,sawf,9.0,8.5,-0.5
Q4,median,implementation_readiness,ubc,8.0,8.5,0.5
Q4,median,implementation_readiness,ubi,7.0,7.0,0.0
Q4,median,implementation_readiness,ubs,10.0,10.0,0.0
Q4,median,implementation_readiness,ui,2.0,2.0,0.0
Q4,median,implementation_readiness,wage_insurance,4.0,4.0,0.0
Q4,median,mild_disruption,almp,5.0,5.0,0.0
Q4,median,mild_disruption,directed_industrial_policy,11.0,9.0,-2.0
Q4,median,mild_disruption,eitc,3.0,3.0,0.0
Q4,median,mild_disruption,fjg,6.5,7.0,0.5
Q4,median,mild_disruption,nit,2.0,1.5,-0.5
Q4,median,mild_disruption,sawf,6.5,8.0,1.5
Q4,median,mild_disruption,ubc,9.0,10.0,1.0
Q4,median,mild_disruption,ubi,10.0,11.0,1.0
Q4,median,mild_disruption,ubs,8.0,6.0,-2.0
Q4,median,mild_disruption,ui,1.0,1.5,0.5
Q4,median,mild_disruption,wage_insurance,4.0,4.0,0.0
Q4,median,moderate_disruption,almp,9.0,9.5,0.5
Q4,median,moderate_disruption,directed_industrial_policy,9.0,7.0,-2.0
Q4,median,moderate_disruption,eitc,11.0,11.0,0.0
Q4,median,moderate_disruption,fjg,5.0,6.0,1.0
Q4,median,moderate_disruption,nit,6.0,5.0,-1.0
Q4,median,moderate_disruption,sawf,3.0,2.0,-1.0
Q4,median,moderate_disruption,ubc,1.0,3.0,2.0
Q4,median,moderate_disruption,ubi,2.0,1.0,-1.0
Q4,median,moderate_disruption,ubs,4.0,4.0,0.0
Q4,median,moderate_disruption,ui,7.0,8.0,1.0
Q4,median,moderate_disruption,wage_insurance,9.0,9.5,0.5
Q4,median,full_transformation,almp,9.0,9.0,0.0
Q4,median,full_transformation,directed_industrial_policy,7.0,6.0,-1.0
Q4,median,full_transformation,eitc,11.0,11.0,0.0
Q4,median,full_transformation,fjg,6.0,7.0,1.0
Q4,median,full_transformation,nit,5.0,5.0,0.0
Q4,median,full_transformation,sawf,3.0,2.0,-1.0
Q4,median,full_transformation,ubc,1.0,1.0,0.0
Q4,median,full_transformation,ubi,2.0,3.0,1.0
Q4,median,full_transformation,ubs,4.0,4.0,0.0
Q4,median,full_transformation,ui,8.0,8.0,0.0
Q4,median,full_transformation,wage_insurance,10.0,10.0,0.0
Q4,median,welfare_resilience,almp,11.0,11.0,0.0
Q4,median,welfare_resilience,directed_industrial_policy,10.0,9.0,-1.0
Q4,median,welfare_resilience,eitc,6.0,6.0,0.0
Q4,median,welfare_resilience,fjg,1.0,1.0,0.0
Q4,median,welfare_resilience,nit,2.0,2.0,0.0
Q4,median,welfare_resilience,sawf,7.0,8.0,1.0
Q4,median,welfare_resilience,ubc,9.0,10.0,1.0
Q4,median,welfare_resilience,ubi,5.0,5.0,0.0
Q4,median,welfare_resilience,ubs,4.0,4.0,0.0
Q4,median,welfare_resilience,ui,3.0,3.0,0.0
Q4,median,welfare_resilience,wage_insurance,8.0,7.0,-1.0
Q4,median,agency_voice,almp,8.0,8.0,0.0
Q4,median,agency_voice,directed_industrial_policy,11.0,10.0,-1.0
Q4,median,agency_voice,eitc,10.0,11.0,1.0
Q4,median,agency_voice,fjg,6.0,6.0,0.0
Q4,median,agency_voice,nit,5.0,4.0,-1.0
Q4,median,agency_voice,sawf,2.0,2.0,0.0
Q4,median,agency_voice,ubc,1.0,1.0,0.0
Q4,median,agency_voice,ubi,3.0,3.0,0.0
Q4,median,agency_voice,ubs,4.0,5.0,1.0
Q4,median,agency_voice,ui,7.0,7.0,0.0
Q4,median,agency_voice,wage_insurance,9.0,9.0,0.0
Q4,median,feasibility,almp,5.0,5.0,0.0
Q4,median,feasibility,directed_industrial_policy,8.0,7.0,-1.0
Q4,median,feasibility,eitc,1.0,1.0,0.0
Q4,median,feasibility,fjg,11.0,11.0,0.0
Q4,median,feasibility,nit,3.0,4.0,1.0
Q4,median,feasibility,sawf,6.0,6.0,0.0
Q4,median,feasibility,ubc,7.0,8.0,1.0
Q4,median,feasibility,ubi,10.0,10.0,0.0
Q4,median,feasibility,ubs,9.0,9.0,0.0
Q4,median,feasibility,ui,2.0,2.0,0.0
Q4,median,feasibility,wage_insurance,4.0,3.0,-1.0
Q4,median,scenario_durability,almp,9.0,10.0,1.0
Q4,median,scenario_durability,directed_industrial_policy,11.0,8.0,-3.0
Q4,median,scenario_durability,eitc,10.0,11.0,1.0
Q4,median,scenario_durability,fjg,6.0,6.0,0.0
Q4,median,scenario_durability,nit,5.0,5.0,0.0
Q4,median,scenario_durability,sawf,3.0,1.0,-2.0
Q4,median,scenario_durability,ubc,1.0,2.0,1.0
Q4,median,scenario_durability,ubi,2.0,3.0,1.0
Q4,median,scenario_durability,ubs,4.0,4.0,0.0
Q4,median,scenario_durability,ui,7.0,7.0,0.0
Q4,median,scenario_durability,wage_insurance,8.0,9.0,1.0
Q3c,median,standards_of_living,almp,11.0,11.0,0.0
Q3c,median,standards_of_living,directed_industrial_policy,10.0,9.5,-0.5
Q3c,median,standards_of_living,eitc,4.0,6.5,2.5
Q3c,median,standards_of_living,fjg,7.0,5.0,-2.0
Q3c,median,standards_of_living,nit,1.0,1.0,0.0
Q3c,median,standards_of_living,sawf,5.0,4.0,-1.0
Q3c,median,standards_of_living,ubc,9.0,9.5,0.5
Q3c,median,standards_of_living,ubi,2.5,2.5,0.0
Q3c,median,standards_of_living,ubs,2.5,2.5,0.0
Q3c,median,standards_of_living,ui,6.0,6.5,0.5
Q3c,median,standards_of_living,wage_insurance,8.0,8.0,0.0
Q3c,median,meaning_human_value,almp,3.0,3.5,0.5
Q3c,median,meaning_human_value,directed_industrial_policy,8.0,3.5,-4.5
Q3c,median,meaning_human_value,eitc,2.0,5.0,3.0
Q3c,median,meaning_human_value,fjg,1.0,1.0,0.0
Q3c,median,meaning_human_value,nit,9.0,10.0,1.0
Q3c,median,meaning_human_value,sawf,11.0,11.0,0.0
Q3c,median,meaning_human_value,ubc,6.0,8.0,2.0
Q3c,median,meaning_human_value,ubi,7.0,6.5,-0.5
Q3c,median,meaning_human_value,ubs,5.0,6.5,1.5
Q3c,median,meaning_human_value,ui,10.0,9.0,-1.0
Q3c,median,meaning_human_value,wage_insurance,4.0,2.0,-2.0
Q3c,median,macro_stabilisation,almp,11.0,11.0,0.0
Q3c,median,macro_stabilisation,directed_industrial_policy,10.0,9.0,-1.0
Q3c,median,macro_stabilisation,eitc,7.0,7.5,0.5
Q3c,median,macro_stabilisation,fjg,3.0,3.0,0.0
Q3c,median,macro_stabilisation,nit,2.0,2.0,0.0
Q3c,median,macro_stabilisation,sawf,5.0,5.0,0.0
Q3c,median,macro_stabilisation,ubc,9.0,10.0,1.0
Q3c,median,macro_stabilisation,ubi,6.0,5.0,-1.0
Q3c,median,macro_stabilisation,ubs,4.0,5.0,1.0
Q3c,median,macro_stabilisation,ui,1.0,1.0,0.0
Q3c,median,macro_stabilisation,wage_insurance,8.0,7.5,-0.5
Q3c,median,economic_agency_mobility,almp,5.0,5.5,0.5
Q3c,median,economic_agency_mobility,directed_industrial_policy,10.0,10.0,0.0
Q3c,median,economic_agency_mobility,eitc,11.0,11.0,0.0
Q3c,median,economic_agency_mobility,fjg,2.5,4.0,1.5
Q3c,median,economic_agency_mobility,nit,7.0,7.0,0.0
Q3c,median,economic_agency_mobility,sawf,9.0,8.0,-1.0
Q3c,median,economic_agency_mobility,ubc,2.5,2.5,0.0
Q3c,median,economic_agency_mobility,ubi,1.0,1.0,0.0
Q3c,median,economic_agency_mobility,ubs,4.0,2.5,-1.5
Q3c,median,economic_agency_mobility,ui,6.0,5.5,-0.5
Q3c,median,economic_agency_mobility,wage_insurance,8.0,9.0,1.0
Q3c,median,ownership_of_gains,almp,8.5,10.0,1.5
Q3c,median,ownership_of_gains,directed_industrial_policy,5.0,5.5,0.5
Q3c,median,ownership_of_gains,eitc,10.0,10.0,0.0
Q3c,median,ownership_of_gains,fjg,7.0,7.0,0.0
Q3c,median,ownership_of_gains,nit,4.0,4.0,0.0
Q3c,median,ownership_of_gains,sawf,2.0,2.0,0.0
Q3c,median,ownership_of_gains,ubc,1.0,1.0,0.0
Q3c,median,ownership_of_gains,ubi,3.0,3.0,0.0
Q3c,median,ownership_of_gains,ubs,6.0,5.5,-0.5
Q3c,median,ownership_of_gains,ui,8.5,8.0,-0.5
Q3c,median,ownership_of_gains,wage_insurance,11.0,10.0,-1.0
Q3c,median,democratic_voice,almp,10.0,9.5,-0.5
Q3c,median,democratic_voice,directed_industrial_policy,11.0,11.0,0.0
Q3c,median,democratic_voice,eitc,8.0,8.0,0.0
Q3c,median,democratic_voice,fjg,6.0,5.5,-0.5
Q3c,median,democratic_voice,nit,5.0,5.5,0.5
Q3c,median,democratic_voice,sawf,2.0,1.0,-1.0
Q3c,median,democratic_voice,ubc,1.0,2.5,1.5
Q3c,median,democratic_voice,ubi,3.0,2.5,-0.5
Q3c,median,democratic_voice,ubs,4.0,4.0,0.0
Q3c,median,democratic_voice,ui,7.0,7.0,0.0
Q3c,median,democratic_voice,wage_insurance,9.0,9.5,0.5
Q3c,median,economic_feasibility,almp,3.0,3.0,0.0
Q3c,median,economic_feasibility,directed_industrial_policy,9.0,8.5,-0.5
Q3c,median,economic_feasibility,eitc,1.0,2.0,1.0
Q3c,median,economic_feasibility,fjg,10.0,10.0,0.0
Q3c,median,economic_feasibility,nit,6.0,6.0,0.0
Q3c,median,economic_feasibility,sawf,5.0,5.0,0.0
Q3c,median,economic_feasibility,ubc,7.0,7.0,0.0
Q3c,median,economic_feasibility,ubi,11.0,11.0,0.0
Q3c,median,economic_feasibility,ubs,8.0,8.5,0.5
Q3c,median,economic_feasibility,ui,4.0,4.0,0.0
Q3c,median,economic_feasibility,wage_insurance,2.0,1.0,-1.0
Q3c,median,implementation_readiness,almp,5.0,5.0,0.0
Q3c,median,implementation_readiness,directed_industrial_policy,6.0,6.5,0.5
Q3c,median,implementation_readiness,eitc,1.0,1.5,0.5
Q3c,median,implementation_readiness,fjg,11.0,11.0,0.0
Q3c,median,implementation_readiness,nit,3.0,3.0,0.0
Q3c,median,implementation_readiness,sawf,9.0,9.0,0.0
Q3c,median,implementation_readiness,ubc,7.0,6.5,-0.5
Q3c,median,implementation_readiness,ubi,8.0,8.0,0.0
Q3c,median,implementation_readiness,ubs,10.0,10.0,0.0
Q3c,median,implementation_readiness,ui,2.0,1.5,-0.5
Q3c,median,implementation_readiness,wage_insurance,4.0,4.0,0.0
Q3c,median,mild_disruption,almp,5.0,6.0,1.0
Q3c,median,mild_disruption,directed_industrial_policy,11.0,9.5,-1.5
Q3c,median,mild_disruption,eitc,3.0,3.0,0.0
Q3c,median,mild_disruption,fjg,6.0,6.0,0.0
Q3c,median,mild_disruption,nit,2.0,2.0,0.0
Q3c,median,mild_disruption,sawf,8.0,6.0,-2.0
Q3c,median,mild_disruption,ubc,9.0,9.5,0.5
Q3c,median,mild_disruption,ubi,10.0,11.0,1.0
Q3c,median,mild_disruption,ubs,7.0,8.0,1.0
Q3c,median,mild_disruption,ui,1.0,1.0,0.0
Q3c,median,mild_disruption,wage_insurance,4.0,4.0,0.0
Q3c,median,moderate_disruption,almp,8.0,9.0,1.0
Q3c,median,moderate_disruption,directed_industrial_policy,9.0,7.5,-1.5
Q3c,median,moderate_disruption,eitc,11.0,11.0,0.0
Q3c,median,moderate_disruption,fjg,5.0,5.0,0.0
Q3c,median,moderate_disruption,nit,6.0,6.0,0.0
Q3c,median,moderate_disruption,sawf,3.0,3.0,0.0
Q3c,median,moderate_disruption,ubc,1.0,2.0,1.0
Q3c,median,moderate_disruption,ubi,2.0,1.0,-1.0
Q3c,median,moderate_disruption,ubs,4.0,4.0,0.0
Q3c,median,moderate_disruption,ui,7.0,7.5,0.5
Q3c,median,moderate_disruption,wage_insurance,10.0,10.0,0.0
Q3c,median,full_transformation,almp,9.0,9.0,0.0
Q3c,median,full_transformation,directed_industrial_policy,7.0,7.0,0.0
Q3c,median,full_transformation,eitc,11.0,11.0,0.0
Q3c,median,full_transformation,fjg,6.0,5.0,-1.0
Q3c,median,full_transformation,nit,5.0,6.0,1.0
Q3c,median,full_transformation,sawf,3.0,3.0,0.0
Q3c,median,full_transformation,ubc,1.0,1.0,0.0
Q3c,median,full_transformation,ubi,2.0,2.0,0.0
Q3c,median,full_transformation,ubs,4.0,4.0,0.0
Q3c,median,full_transformation,ui,8.0,8.0,0.0
Q3c,median,full_transformation,wage_insurance,10.0,10.0,0.0
Q3c,median,welfare_resilience,almp,11.0,11.0,0.0
Q3c,median,welfare_resilience,directed_industrial_policy,10.0,9.0,-1.0
Q3c,median,welfare_resilience,eitc,6.0,6.0,0.0
Q3c,median,welfare_resilience,fjg,1.0,1.0,0.0
Q3c,median,welfare_resilience,nit,2.0,2.0,0.0
Q3c,median,welfare_resilience,sawf,7.0,7.0,0.0
Q3c,median,welfare_resilience,ubc,9.0,10.0,1.0
Q3c,median,welfare_resilience,ubi,5.0,4.5,-0.5
Q3c,median,welfare_resilience,ubs,4.0,4.5,0.5
Q3c,median,welfare_resilience,ui,3.0,3.0,0.0
Q3c,median,welfare_resilience,wage_insurance,8.0,8.0,0.0
Q3c,median,agency_voice,almp,8.0,8.0,0.0
Q3c,median,agency_voice,directed_industrial_policy,11.0,10.0,-1.0
Q3c,median,agency_voice,eitc,10.0,11.0,1.0
Q3c,median,agency_voice,fjg,6.0,6.0,0.0
Q3c,median,agency_voice,nit,4.0,5.0,1.0
Q3c,median,agency_voice,sawf,2.0,2.0,0.0
Q3c,median,agency_voice,ubc,1.0,1.0,0.0
Q3c,median,agency_voice,ubi,3.0,3.0,0.0
Q3c,median,agency_voice,ubs,5.0,4.0,-1.0
Q3c,median,agency_voice,ui,7.0,7.0,0.0
Q3c,median,agency_voice,wage_insurance,9.0,9.0,0.0
Q3c,median,feasibility,almp,5.0,5.0,0.0
Q3c,median,feasibility,directed_industrial_policy,8.0,8.0,0.0
Q3c,median,feasibility,eitc,1.0,1.0,0.0
Q3c,median,feasibility,fjg,11.0,10.5,-0.5
Q3c,median,feasibility,nit,3.0,4.0,1.0
Q3c,median,feasibility,sawf,6.0,6.0,0.0
Q3c,median,feasibility,ubc,7.0,7.0,0.0
Q3c,median,feasibility,ubi,10.0,10.5,0.5
Q3c,median,feasibility,ubs,9.0,9.0,0.0
Q3c,median,feasibility,ui,2.0,2.0,0.0
Q3c,median,feasibility,wage_insurance,4.0,3.0,-1.0
Q3c,median,scenario_durability,almp,8.0,9.0,1.0
Q3c,median,scenario_durability,directed_industrial_policy,11.0,8.0,-3.0
Q3c,median,scenario_durability,eitc,10.0,10.5,0.5
Q3c,median,scenario_durability,fjg,6.0,5.5,-0.5
Q3c,median,scenario_durability,nit,5.0,5.5,0.5
Q3c,median,scenario_durability,sawf,2.0,2.0,0.0
Q3c,median,scenario_durability,ubc,1.0,1.0,0.0
Q3c,median,scenario_durability,ubi,3.0,3.0,0.0
Q3c,median,scenario_durability,ubs,4.0,4.0,0.0
Q3c,median,scenario_durability,ui,7.0,7.0,0.0
Q3c,median,scenario_durability,wage_insurance,9.0,10.5,1.5
D2,median,standards_of_living,almp,11.0,11.0,0.0
D2,median,standards_of_living,directed_industrial_policy,10.0,10.0,0.0
D2,median,standards_of_living,eitc,4.0,5.0,1.0
D2,median,standards_of_living,fjg,7.0,4.0,-3.0
D2,median,standards_of_living,nit,1.0,3.0,2.0
D2,median,standards_of_living,sawf,6.0,6.0,0.0
D2,median,standards_of_living,ubc,9.0,9.0,0.0
D2,median,standards_of_living,ubi,2.5,1.0,-1.5
D2,median,standards_of_living,ubs,2.5,2.0,-0.5
D2,median,standards_of_living,ui,5.0,7.0,2.0
D2,median,standards_of_living,wage_insurance,8.0,8.0,0.0
D2,median,meaning_human_value,almp,4.0,4.0,0.0
D2,median,meaning_human_value,directed_industrial_policy,8.0,9.0,1.0
D2,median,meaning_human_value,eitc,2.0,7.0,5.0
D2,median,meaning_human_value,fjg,1.0,1.0,0.0
D2,median,meaning_human_value,nit,9.0,8.0,-1.0
D2,median,meaning_human_value,sawf,11.0,10.0,-1.0
D2,median,meaning_human_value,ubc,6.0,3.0,-3.0
D2,median,meaning_human_value,ubi,7.0,2.0,-5.0
D2,median,meaning_human_value,ubs,5.0,5.0,0.0
D2,median,meaning_human_value,ui,10.0,11.0,1.0
D2,median,meaning_human_value,wage_insurance,3.0,6.0,3.0
D2,median,macro_stabilisation,almp,11.0,11.0,0.0
D2,median,macro_stabilisation,directed_industrial_policy,10.0,10.0,0.0
D2,median,macro_stabilisation,eitc,7.0,7.0,0.0
D2,median,macro_stabilisation,fjg,3.0,2.0,-1.0
D2,median,macro_stabilisation,nit,2.0,3.0,1.0
D2,median,macro_stabilisation,sawf,6.0,6.0,0.0
D2,median,macro_stabilisation,ubc,9.0,9.0,0.0
D2,median,macro_stabilisation,ubi,5.0,4.0,-1.0
D2,median,macro_stabilisation,ubs,4.0,5.0,1.0
D2,median,macro_stabilisation,ui,1.0,1.0,0.0
D2,median,macro_stabilisation,wage_insurance,8.0,8.0,0.0
D2,median,economic_agency_mobility,almp,5.0,3.0,-2.0
D2,median,economic_agency_mobility,directed_industrial_policy,10.0,10.0,0.0
D2,median,economic_agency_mobility,eitc,11.0,11.0,0.0
D2,median,economic_agency_mobility,fjg,2.0,2.0,0.0
D2,median,economic_agency_mobility,nit,7.0,7.0,0.0
D2,median,economic_agency_mobility,sawf,9.0,9.0,0.0
D2,median,economic_agency_mobility,ubc,4.0,4.0,0.0
D2,median,economic_agency_mobility,ubi,1.0,1.0,0.0
D2,median,economic_agency_mobility,ubs,3.0,5.0,2.0
D2,median,economic_agency_mobility,ui,6.0,6.0,0.0
D2,median,economic_agency_mobility,wage_insurance,8.0,8.0,0.0
D2,median,ownership_of_gains,almp,11.0,8.0,-3.0
D2,median,ownership_of_gains,directed_industrial_policy,6.0,5.0,-1.0
D2,median,ownership_of_gains,eitc,9.0,10.0,1.0
D2,median,ownership_of_gains,fjg,7.0,7.0,0.0
D2,median,ownership_of_gains,nit,4.0,4.0,0.0
D2,median,ownership_of_gains,sawf,2.0,2.0,0.0
D2,median,ownership_of_gains,ubc,1.0,1.0,0.0
D2,median,ownership_of_gains,ubi,3.0,3.0,0.0
D2,median,ownership_of_gains,ubs,5.0,6.0,1.0
D2,median,ownership_of_gains,ui,9.0,9.0,0.0
D2,median,ownership_of_gains,wage_insurance,9.0,11.0,2.0
D2,median,democratic_voice,almp,10.0,9.5,-0.5
D2,median,democratic_voice,directed_industrial_policy,11.0,11.0,0.0
D2,median,democratic_voice,eitc,8.0,8.0,0.0
D2,median,democratic_voice,fjg,6.0,5.0,-1.0
D2,median,democratic_voice,nit,5.0,6.0,1.0
D2,median,democratic_voice,sawf,1.5,1.0,-0.5
D2,median,democratic_voice,ubc,1.5,2.0,0.5
D2,median,democratic_voice,ubi,3.0,3.0,0.0
D2,median,democratic_voice,ubs,4.0,4.0,0.0
D2,median,democratic_voice,ui,7.0,7.0,0.0
D2,median,democratic_voice,wage_insurance,9.0,9.5,0.5
D2,median,economic_feasibility,almp,3.0,3.0,0.0
D2,median,economic_feasibility,directed_industrial_policy,9.0,11.0,2.0
D2,median,economic_feasibility,eitc,2.0,2.0,0.0
D2,median,economic_feasibility,fjg,10.0,9.0,-1.0
D2,median,economic_feasibility,nit,6.0,7.0,1.0
D2,median,economic_feasibility,sawf,5.0,4.0,-1.0
D2,median,economic_feasibility,ubc,7.0,8.0,1.0
D2,median,economic_feasibility,ubi,11.0,10.0,-1.0
D2,median,economic_feasibility,ubs,8.0,6.0,-2.0
D2,median,economic_feasibility,ui,4.0,5.0,1.0
D2,median,economic_feasibility,wage_insurance,1.0,1.0,0.0
D2,median,implementation_readiness,almp,5.0,4.0,-1.0
D2,median,implementation_readiness,directed_industrial_policy,6.0,6.0,0.0
D2,median,implementation_readiness,eitc,1.0,1.0,0.0
D2,median,implementation_readiness,fjg,11.0,11.0,0.0
D2,median,implementation_readiness,nit,3.0,3.0,0.0
D2,median,implementation_readiness,sawf,9.0,9.0,0.0
D2,median,implementation_readiness,ubc,8.0,8.0,0.0
D2,median,implementation_readiness,ubi,7.0,7.0,0.0
D2,median,implementation_readiness,ubs,10.0,10.0,0.0
D2,median,implementation_readiness,ui,2.0,2.0,0.0
D2,median,implementation_readiness,wage_insurance,4.0,5.0,1.0
D2,median,mild_disruption,almp,5.0,5.0,0.0
D2,median,mild_disruption,directed_industrial_policy,11.0,11.0,0.0
D2,median,mild_disruption,eitc,3.0,3.0,0.0
D2,median,mild_disruption,fjg,6.5,4.0,-2.5
D2,median,mild_disruption,nit,2.0,2.0,0.0
D2,median,mild_disruption,sawf,6.5,6.0,-0.5
D2,median,mild_disruption,ubc,9.0,10.0,1.0
D2,median,mild_disruption,ubi,10.0,9.0,-1.0
D2,median,mild_disruption,ubs,8.0,8.0,0.0
D2,median,mild_disruption,ui,1.0,1.0,0.0
D2,median,mild_disruption,wage_insurance,4.0,7.0,3.0
D2,median,moderate_disruption,almp,9.0,8.0,-1.0
D2,median,moderate_disruption,directed_industrial_policy,9.0,9.0,0.0
D2,median,moderate_disruption,eitc,11.0,11.0,0.0
D2,median,moderate_disruption,fjg,5.0,5.0,0.0
D2,median,moderate_disruption,nit,6.0,6.0,0.0
D2,median,moderate_disruption,sawf,3.0,4.0,1.0
D2,median,moderate_disruption,ubc,1.0,2.0,1.0
D2,median,moderate_disruption,ubi,2.0,1.0,-1.0
D2,median,moderate_disruption,ubs,4.0,3.0,-1.0
D2,median,moderate_disruption,ui,7.0,7.0,0.0
D2,median,moderate_disruption,wage_insurance,9.0,10.0,1.0
D2,median,full_transformation,almp,9.0,8.0,-1.0
D2,median,full_transformation,directed_industrial_policy,7.0,7.0,0.0
D2,median,full_transformation,eitc,11.0,11.0,0.0
D2,median,full_transformation,fjg,6.0,5.0,-1.0
D2,median,full_transformation,nit,5.0,6.0,1.0
D2,median,full_transformation,sawf,3.0,3.0,0.0
D2,median,full_transformation,ubc,1.0,1.0,0.0
D2,median,full_transformation,ubi,2.0,2.0,0.0
D2,median,full_transformation,ubs,4.0,4.0,0.0
D2,median,full_transformation,ui,8.0,9.0,1.0
D2,median,full_transformation,wage_insurance,10.0,10.0,0.0
D2,median,welfare_resilience,almp,11.0,10.0,-1.0
D2,median,welfare_resilience,directed_industrial_policy,10.0,11.0,1.0
D2,median,welfare_resilience,eitc,6.0,6.0,0.0
D2,median,welfare_resilience,fjg,1.0,1.0,0.0
D2,median,welfare_resilience,nit,2.0,2.0,0.0
D2,median,welfare_resilience,sawf,7.0,7.0,0.0
D2,median,welfare_resilience,ubc,9.0,9.0,0.0
D2,median,welfare_resilience,ubi,5.0,3.0,-2.0
D2,median,welfare_resilience,ubs,4.0,5.0,1.0
D2,median,welfare_resilience,ui,3.0,4.0,1.0
D2,median,welfare_resilience,wage_insurance,8.0,8.0,0.0
D2,median,agency_voice,almp,8.0,8.0,0.0
D2,median,agency_voice,directed_industrial_policy,11.0,10.0,-1.0
D2,median,agency_voice,eitc,10.0,11.0,1.0
D2,median,agency_voice,fjg,6.0,4.0,-2.0
D2,median,agency_voice,nit,5.0,5.0,0.0
D2,median,agency_voice,sawf,2.0,2.0,0.0
D2,median,agency_voice,ubc,1.0,1.0,0.0
D2,median,agency_voice,ubi,3.0,3.0,0.0
D2,median,agency_voice,ubs,4.0,6.0,2.0
D2,median,agency_voice,ui,7.0,7.0,0.0
D2,median,agency_voice,wage_insurance,9.0,9.0,0.0
D2,median,feasibility,almp,5.0,5.0,0.0
D2,median,feasibility,directed_industrial_policy,8.0,10.0,2.0
D2,median,feasibility,eitc,1.0,1.0,0.0
D2,median,feasibility,fjg,11.0,11.0,0.0
D2,median,feasibility,nit,3.0,3.0,0.0
D2,median,feasibility,sawf,6.0,6.0,0.0
D2,median,feasibility,ubc,7.0,7.0,0.0
D2,median,feasibility,ubi,10.0,9.0,-1.0
D2,median,feasibility,ubs,9.0,8.0,-1.0
D2,median,feasibility,ui,2.0,2.0,0.0
D2,median,feasibility,wage_insurance,4.0,4.0,0.0
D2,median,scenario_durability,almp,9.0,8.0,-1.0
D2,median,scenario_durability,directed_industrial_policy,11.0,11.0,0.0
D2,median,scenario_durability,eitc,10.0,10.0,0.0
D2,median,scenario_durability,fjg,6.0,5.0,-1.0
D2,median,scenario_durability,nit,5.0,6.0,1.0
D2,median,scenario_durability,sawf,3.0,3.0,0.0
D2,median,scenario_durability,ubc,1.0,2.0,1.0
D2,median,scenario_durability,ubi,2.0,1.0,-1.0
D2,median,scenario_durability,ubs,4.0,4.0,0.0
D2,median,scenario_durability,ui,7.0,7.0,0.0
D2,median,scenario_durability,wage_insurance,8.0,9.0,1.0
B',trimmed_mean_10,standards_of_living,almp,11.0,11.0,0.0
B',trimmed_mean_10,standards_of_living,directed_industrial_policy,10.0,10.0,0.0
B',trimmed_mean_10,standards_of_living,eitc,4.0,4.0,0.0
B',trimmed_mean_10,standards_of_living,fjg,7.0,7.0,0.0
B',trimmed_mean_10,standards_of_living,nit,1.0,2.0,1.0
B',trimmed_mean_10,standards_of_living,sawf,6.0,6.0,0.0
B',trimmed_mean_10,standards_of_living,ubc,9.0,9.0,0.0
B',trimmed_mean_10,standards_of_living,ubi,3.0,3.0,0.0
B',trimmed_mean_10,standards_of_living,ubs,2.0,1.0,-1.0
B',trimmed_mean_10,standards_of_living,ui,5.0,5.0,0.0
B',trimmed_mean_10,standards_of_living,wage_insurance,8.0,8.0,0.0
B',trimmed_mean_10,meaning_human_value,almp,4.0,4.0,0.0
B',trimmed_mean_10,meaning_human_value,directed_industrial_policy,8.0,8.0,0.0
B',trimmed_mean_10,meaning_human_value,eitc,2.0,3.0,1.0
B',trimmed_mean_10,meaning_human_value,fjg,1.0,1.0,0.0
B',trimmed_mean_10,meaning_human_value,nit,9.0,7.0,-2.0
B',trimmed_mean_10,meaning_human_value,sawf,11.0,11.0,0.0
B',trimmed_mean_10,meaning_human_value,ubc,6.0,5.0,-1.0
B',trimmed_mean_10,meaning_human_value,ubi,7.0,9.0,2.0
B',trimmed_mean_10,meaning_human_value,ubs,5.0,6.0,1.0
B',trimmed_mean_10,meaning_human_value,ui,10.0,10.0,0.0
B',trimmed_mean_10,meaning_human_value,wage_insurance,3.0,2.0,-1.0
B',trimmed_mean_10,macro_stabilisation,almp,11.0,11.0,0.0
B',trimmed_mean_10,macro_stabilisation,directed_industrial_policy,10.0,10.0,0.0
B',trimmed_mean_10,macro_stabilisation,eitc,7.0,7.0,0.0
B',trimmed_mean_10,macro_stabilisation,fjg,3.0,3.0,0.0
B',trimmed_mean_10,macro_stabilisation,nit,2.0,2.0,0.0
B',trimmed_mean_10,macro_stabilisation,sawf,6.0,6.0,0.0
B',trimmed_mean_10,macro_stabilisation,ubc,9.0,9.0,0.0
B',trimmed_mean_10,macro_stabilisation,ubi,5.0,4.0,-1.0
B',trimmed_mean_10,macro_stabilisation,ubs,4.0,5.0,1.0
B',trimmed_mean_10,macro_stabilisation,ui,1.0,1.0,0.0
B',trimmed_mean_10,macro_stabilisation,wage_insurance,8.0,8.0,0.0
B',trimmed_mean_10,economic_agency_mobility,almp,5.0,5.0,0.0
B',trimmed_mean_10,economic_agency_mobility,directed_industrial_policy,10.0,10.0,0.0
B',trimmed_mean_10,economic_agency_mobility,eitc,11.0,11.0,0.0
B',trimmed_mean_10,economic_agency_mobility,fjg,2.0,4.0,2.0
B',trimmed_mean_10,economic_agency_mobility,nit,7.0,7.0,0.0
B',trimmed_mean_10,economic_agency_mobility,sawf,9.0,9.0,0.0
B',trimmed_mean_10,economic_agency_mobility,ubc,4.0,2.0,-2.0
B',trimmed_mean_10,economic_agency_mobility,ubi,1.0,1.0,0.0
B',trimmed_mean_10,economic_agency_mobility,ubs,3.0,3.0,0.0
B',trimmed_mean_10,economic_agency_mobility,ui,6.0,6.0,0.0
B',trimmed_mean_10,economic_agency_mobility,wage_insurance,8.0,8.0,0.0
B',trimmed_mean_10,ownership_of_gains,almp,10.0,9.0,-1.0
B',trimmed_mean_10,ownership_of_gains,directed_industrial_policy,5.0,5.0,0.0
B',trimmed_mean_10,ownership_of_gains,eitc,9.0,10.0,1.0
B',trimmed_mean_10,ownership_of_gains,fjg,7.0,7.0,0.0
B',trimmed_mean_10,ownership_of_gains,nit,4.0,4.0,0.0
B',trimmed_mean_10,ownership_of_gains,sawf,2.0,2.0,0.0
B',trimmed_mean_10,ownership_of_gains,ubc,1.0,1.0,0.0
B',trimmed_mean_10,ownership_of_gains,ubi,3.0,3.0,0.0
B',trimmed_mean_10,ownership_of_gains,ubs,6.0,6.0,0.0
B',trimmed_mean_10,ownership_of_gains,ui,8.0,8.0,0.0
B',trimmed_mean_10,ownership_of_gains,wage_insurance,11.0,11.0,0.0
B',trimmed_mean_10,democratic_voice,almp,10.0,10.0,0.0
B',trimmed_mean_10,democratic_voice,directed_industrial_policy,11.0,11.0,0.0
B',trimmed_mean_10,democratic_voice,eitc,8.0,8.0,0.0
B',trimmed_mean_10,democratic_voice,fjg,6.0,6.0,0.0
B',trimmed_mean_10,democratic_voice,nit,5.0,5.0,0.0
B',trimmed_mean_10,democratic_voice,sawf,1.0,2.0,1.0
B',trimmed_mean_10,democratic_voice,ubc,2.0,1.0,-1.0
B',trimmed_mean_10,democratic_voice,ubi,3.0,3.0,0.0
B',trimmed_mean_10,democratic_voice,ubs,4.0,4.0,0.0
B',trimmed_mean_10,democratic_voice,ui,7.0,7.0,0.0
B',trimmed_mean_10,democratic_voice,wage_insurance,9.0,9.0,0.0
B',trimmed_mean_10,economic_feasibility,almp,3.0,3.0,0.0
B',trimmed_mean_10,economic_feasibility,directed_industrial_policy,9.0,9.0,0.0
B',trimmed_mean_10,economic_feasibility,eitc,1.0,2.0,1.0
B',trimmed_mean_10,economic_feasibility,fjg,10.0,10.0,0.0
B',trimmed_mean_10,economic_feasibility,nit,6.0,6.0,0.0
B',trimmed_mean_10,economic_feasibility,sawf,5.0,5.0,0.0
B',trimmed_mean_10,economic_feasibility,ubc,7.0,7.0,0.0
B',trimmed_mean_10,economic_feasibility,ubi,11.0,11.0,0.0
B',trimmed_mean_10,economic_feasibility,ubs,8.0,8.0,0.0
B',trimmed_mean_10,economic_feasibility,ui,4.0,4.0,0.0
B',trimmed_mean_10,economic_feasibility,wage_insurance,2.0,1.0,-1.0
B',trimmed_mean_10,implementation_readiness,almp,5.0,5.0,0.0
B',trimmed_mean_10,implementation_readiness,directed_industrial_policy,6.0,6.0,0.0
B',trimmed_mean_10,implementation_readiness,eitc,1.0,1.0,0.0
B',trimmed_mean_10,implementation_readiness,fjg,11.0,11.0,0.0
B',trimmed_mean_10,implementation_readiness,nit,3.0,3.0,0.0
B',trimmed_mean_10,implementation_readiness,sawf,9.0,10.0,1.0
B',trimmed_mean_10,implementation_readiness,ubc,8.0,8.0,0.0
B',trimmed_mean_10,implementation_readiness,ubi,7.0,7.0,0.0
B',trimmed_mean_10,implementation_readiness,ubs,10.0,9.0,-1.0
B',trimmed_mean_10,implementation_readiness,ui,2.0,2.0,0.0
B',trimmed_mean_10,implementation_readiness,wage_insurance,4.0,4.0,0.0
B',trimmed_mean_10,mild_disruption,almp,5.0,5.0,0.0
B',trimmed_mean_10,mild_disruption,directed_industrial_policy,11.0,11.0,0.0
B',trimmed_mean_10,mild_disruption,eitc,3.0,3.0,0.0
B',trimmed_mean_10,mild_disruption,fjg,7.0,6.0,-1.0
B',trimmed_mean_10,mild_disruption,nit,2.0,2.0,0.0
B',trimmed_mean_10,mild_disruption,sawf,6.0,7.0,1.0
B',trimmed_mean_10,mild_disruption,ubc,9.0,10.0,1.0
B',trimmed_mean_10,mild_disruption,ubi,10.0,9.0,-1.0
B',trimmed_mean_10,mild_disruption,ubs,8.0,8.0,0.0
B',trimmed_mean_10,mild_disruption,ui,1.0,1.0,0.0
B',trimmed_mean_10,mild_disruption,wage_insurance,4.0,4.0,0.0
B',trimmed_mean_10,moderate_disruption,almp,8.5,9.0,0.5
B',trimmed_mean_10,moderate_disruption,directed_industrial_policy,10.0,8.0,-2.0
B',trimmed_mean_10,moderate_disruption,eitc,11.0,11.0,0.0
B',trimmed_mean_10,moderate_disruption,fjg,5.0,5.0,0.0
B',trimmed_mean_10,moderate_disruption,nit,6.0,6.0,0.0
B',trimmed_mean_10,moderate_disruption,sawf,3.0,3.0,0.0
B',trimmed_mean_10,moderate_disruption,ubc,1.0,1.0,0.0
B',trimmed_mean_10,moderate_disruption,ubi,2.0,2.0,0.0
B',trimmed_mean_10,moderate_disruption,ubs,4.0,4.0,0.0
B',trimmed_mean_10,moderate_disruption,ui,7.0,7.0,0.0
B',trimmed_mean_10,moderate_disruption,wage_insurance,8.5,10.0,1.5
B',trimmed_mean_10,full_transformation,almp,9.0,9.0,0.0
B',trimmed_mean_10,full_transformation,directed_industrial_policy,7.0,7.0,0.0
B',trimmed_mean_10,full_transformation,eitc,11.0,11.0,0.0
B',trimmed_mean_10,full_transformation,fjg,6.0,6.0,0.0
B',trimmed_mean_10,full_transformation,nit,5.0,5.0,0.0
B',trimmed_mean_10,full_transformation,sawf,3.0,3.0,0.0
B',trimmed_mean_10,full_transformation,ubc,1.0,1.0,0.0
B',trimmed_mean_10,full_transformation,ubi,2.0,2.0,0.0
B',trimmed_mean_10,full_transformation,ubs,4.0,4.0,0.0
B',trimmed_mean_10,full_transformation,ui,8.0,8.0,0.0
B',trimmed_mean_10,full_transformation,wage_insurance,10.0,10.0,0.0
B',trimmed_mean_10,welfare_resilience,almp,11.0,11.0,0.0
B',trimmed_mean_10,welfare_resilience,directed_industrial_policy,10.0,10.0,0.0
B',trimmed_mean_10,welfare_resilience,eitc,6.0,6.0,0.0
B',trimmed_mean_10,welfare_resilience,fjg,1.0,1.0,0.0
B',trimmed_mean_10,welfare_resilience,nit,2.0,2.0,0.0
B',trimmed_mean_10,welfare_resilience,sawf,7.0,7.0,0.0
B',trimmed_mean_10,welfare_resilience,ubc,9.0,9.0,0.0
B',trimmed_mean_10,welfare_resilience,ubi,5.0,4.0,-1.0
B',trimmed_mean_10,welfare_resilience,ubs,4.0,5.0,1.0
B',trimmed_mean_10,welfare_resilience,ui,3.0,3.0,0.0
B',trimmed_mean_10,welfare_resilience,wage_insurance,8.0,8.0,0.0
B',trimmed_mean_10,agency_voice,almp,8.0,8.0,0.0
B',trimmed_mean_10,agency_voice,directed_industrial_policy,11.0,11.0,0.0
B',trimmed_mean_10,agency_voice,eitc,10.0,10.0,0.0
B',trimmed_mean_10,agency_voice,fjg,6.0,6.0,0.0
B',trimmed_mean_10,agency_voice,nit,5.0,4.0,-1.0
B',trimmed_mean_10,agency_voice,sawf,2.0,2.0,0.0
B',trimmed_mean_10,agency_voice,ubc,1.0,1.0,0.0
B',trimmed_mean_10,agency_voice,ubi,3.0,3.0,0.0
B',trimmed_mean_10,agency_voice,ubs,4.0,5.0,1.0
B',trimmed_mean_10,agency_voice,ui,7.0,7.0,0.0
B',trimmed_mean_10,agency_voice,wage_insurance,9.0,9.0,0.0
B',trimmed_mean_10,feasibility,almp,5.0,5.0,0.0
B',trimmed_mean_10,feasibility,directed_industrial_policy,8.0,9.0,1.0
B',trimmed_mean_10,feasibility,eitc,1.0,1.0,0.0
B',trimmed_mean_10,feasibility,fjg,11.0,11.0,0.0
B',trimmed_mean_10,feasibility,nit,3.0,3.0,0.0
B',trimmed_mean_10,feasibility,sawf,6.0,6.0,0.0
B',trimmed_mean_10,feasibility,ubc,7.0,7.0,0.0
B',trimmed_mean_10,feasibility,ubi,10.0,10.0,0.0
B',trimmed_mean_10,feasibility,ubs,9.0,8.0,-1.0
B',trimmed_mean_10,feasibility,ui,2.0,2.0,0.0
B',trimmed_mean_10,feasibility,wage_insurance,4.0,4.0,0.0
B',trimmed_mean_10,scenario_durability,almp,9.0,10.0,1.0
B',trimmed_mean_10,scenario_durability,directed_industrial_policy,11.0,11.0,0.0
B',trimmed_mean_10,scenario_durability,eitc,10.0,8.0,-2.0
B',trimmed_mean_10,scenario_durability,fjg,6.0,6.0,0.0
B',trimmed_mean_10,scenario_durability,nit,5.0,5.0,0.0
B',trimmed_mean_10,scenario_durability,sawf,3.0,3.0,0.0
B',trimmed_mean_10,scenario_durability,ubc,1.0,1.0,0.0
B',trimmed_mean_10,scenario_durability,ubi,2.0,2.0,0.0
B',trimmed_mean_10,scenario_durability,ubs,4.0,4.0,0.0
B',trimmed_mean_10,scenario_durability,ui,7.0,7.0,0.0
B',trimmed_mean_10,scenario_durability,wage_insurance,8.0,9.0,1.0
Q1,trimmed_mean_10,standards_of_living,almp,11.0,11.0,0.0
Q1,trimmed_mean_10,standards_of_living,directed_industrial_policy,10.0,9.0,-1.0
Q1,trimmed_mean_10,standards_of_living,eitc,4.0,6.0,2.0
Q1,trimmed_mean_10,standards_of_living,fjg,7.0,4.0,-3.0
Q1,trimmed_mean_10,standards_of_living,nit,1.0,2.0,1.0
Q1,trimmed_mean_10,standards_of_living,sawf,6.0,7.0,1.0
Q1,trimmed_mean_10,standards_of_living,ubc,9.0,10.0,1.0
Q1,trimmed_mean_10,standards_of_living,ubi,3.0,3.0,0.0
Q1,trimmed_mean_10,standards_of_living,ubs,2.0,1.0,-1.0
Q1,trimmed_mean_10,standards_of_living,ui,5.0,5.0,0.0
Q1,trimmed_mean_10,standards_of_living,wage_insurance,8.0,8.0,0.0
Q1,trimmed_mean_10,meaning_human_value,almp,4.0,7.0,3.0
Q1,trimmed_mean_10,meaning_human_value,directed_industrial_policy,8.0,2.0,-6.0
Q1,trimmed_mean_10,meaning_human_value,eitc,2.0,4.0,2.0
Q1,trimmed_mean_10,meaning_human_value,fjg,1.0,1.0,0.0
Q1,trimmed_mean_10,meaning_human_value,nit,9.0,10.0,1.0
Q1,trimmed_mean_10,meaning_human_value,sawf,11.0,11.0,0.0
Q1,trimmed_mean_10,meaning_human_value,ubc,6.0,8.0,2.0
Q1,trimmed_mean_10,meaning_human_value,ubi,7.0,6.0,-1.0
Q1,trimmed_mean_10,meaning_human_value,ubs,5.0,5.0,0.0
Q1,trimmed_mean_10,meaning_human_value,ui,10.0,9.0,-1.0
Q1,trimmed_mean_10,meaning_human_value,wage_insurance,3.0,3.0,0.0
Q1,trimmed_mean_10,macro_stabilisation,almp,11.0,11.0,0.0
Q1,trimmed_mean_10,macro_stabilisation,directed_industrial_policy,10.0,9.0,-1.0
Q1,trimmed_mean_10,macro_stabilisation,eitc,7.0,7.0,0.0
Q1,trimmed_mean_10,macro_stabilisation,fjg,3.0,2.0,-1.0
Q1,trimmed_mean_10,macro_stabilisation,nit,2.0,3.0,1.0
Q1,trimmed_mean_10,macro_stabilisation,sawf,6.0,6.0,0.0
Q1,trimmed_mean_10,macro_stabilisation,ubc,9.0,10.0,1.0
Q1,trimmed_mean_10,macro_stabilisation,ubi,5.0,5.0,0.0
Q1,trimmed_mean_10,macro_stabilisation,ubs,4.0,4.0,0.0
Q1,trimmed_mean_10,macro_stabilisation,ui,1.0,1.0,0.0
Q1,trimmed_mean_10,macro_stabilisation,wage_insurance,8.0,8.0,0.0
Q1,trimmed_mean_10,economic_agency_mobility,almp,5.0,5.0,0.0
Q1,trimmed_mean_10,economic_agency_mobility,directed_industrial_policy,10.0,10.0,0.0
Q1,trimmed_mean_10,economic_agency_mobility,eitc,11.0,11.0,0.0
Q1,trimmed_mean_10,economic_agency_mobility,fjg,2.0,6.0,4.0
Q1,trimmed_mean_10,economic_agency_mobility,nit,7.0,4.0,-3.0
Q1,trimmed_mean_10,economic_agency_mobility,sawf,9.0,9.0,0.0
Q1,trimmed_mean_10,economic_agency_mobility,ubc,4.0,3.0,-1.0
Q1,trimmed_mean_10,economic_agency_mobility,ubi,1.0,1.0,0.0
Q1,trimmed_mean_10,economic_agency_mobility,ubs,3.0,2.0,-1.0
Q1,trimmed_mean_10,economic_agency_mobility,ui,6.0,8.0,2.0
Q1,trimmed_mean_10,economic_agency_mobility,wage_insurance,8.0,7.0,-1.0
Q1,trimmed_mean_10,ownership_of_gains,almp,10.0,11.0,1.0
Q1,trimmed_mean_10,ownership_of_gains,directed_industrial_policy,5.0,5.0,0.0
Q1,trimmed_mean_10,ownership_of_gains,eitc,9.0,8.0,-1.0
Q1,trimmed_mean_10,ownership_of_gains,fjg,7.0,7.0,0.0
Q1,trimmed_mean_10,ownership_of_gains,nit,4.0,4.0,0.0
Q1,trimmed_mean_10,ownership_of_gains,sawf,2.0,2.0,0.0
Q1,trimmed_mean_10,ownership_of_gains,ubc,1.0,1.0,0.0
Q1,trimmed_mean_10,ownership_of_gains,ubi,3.0,3.0,0.0
Q1,trimmed_mean_10,ownership_of_gains,ubs,6.0,6.0,0.0
Q1,trimmed_mean_10,ownership_of_gains,ui,8.0,9.0,1.0
Q1,trimmed_mean_10,ownership_of_gains,wage_insurance,11.0,10.0,-1.0
Q1,trimmed_mean_10,democratic_voice,almp,10.0,11.0,1.0
Q1,trimmed_mean_10,democratic_voice,directed_industrial_policy,11.0,9.0,-2.0
Q1,trimmed_mean_10,democratic_voice,eitc,8.0,7.0,-1.0
Q1,trimmed_mean_10,democratic_voice,fjg,6.0,5.0,-1.0
Q1,trimmed_mean_10,democratic_voice,nit,5.0,6.0,1.0
Q1,trimmed_mean_10,democratic_voice,sawf,1.0,1.0,0.0
Q1,trimmed_mean_10,democratic_voice,ubc,2.0,2.0,0.0
Q1,trimmed_mean_10,democratic_voice,ubi,3.0,3.0,0.0
Q1,trimmed_mean_10,democratic_voice,ubs,4.0,4.0,0.0
Q1,trimmed_mean_10,democratic_voice,ui,7.0,8.0,1.0
Q1,trimmed_mean_10,democratic_voice,wage_insurance,9.0,10.0,1.0
Q1,trimmed_mean_10,economic_feasibility,almp,3.0,3.0,0.0
Q1,trimmed_mean_10,economic_feasibility,directed_industrial_policy,9.0,8.0,-1.0
Q1,trimmed_mean_10,economic_feasibility,eitc,1.0,2.0,1.0
Q1,trimmed_mean_10,economic_feasibility,fjg,10.0,10.0,0.0
Q1,trimmed_mean_10,economic_feasibility,nit,6.0,7.0,1.0
Q1,trimmed_mean_10,economic_feasibility,sawf,5.0,4.0,-1.0
Q1,trimmed_mean_10,economic_feasibility,ubc,7.0,6.0,-1.0
Q1,trimmed_mean_10,economic_feasibility,ubi,11.0,11.0,0.0
Q1,trimmed_mean_10,economic_feasibility,ubs,8.0,9.0,1.0
Q1,trimmed_mean_10,economic_feasibility,ui,4.0,5.0,1.0
Q1,trimmed_mean_10,economic_feasibility,wage_insurance,2.0,1.0,-1.0
Q1,trimmed_mean_10,implementation_readiness,almp,5.0,5.0,0.0
Q1,trimmed_mean_10,implementation_readiness,directed_industrial_policy,6.0,8.0,2.0
Q1,trimmed_mean_10,implementation_readiness,eitc,1.0,1.0,0.0
Q1,trimmed_mean_10,implementation_readiness,fjg,11.0,11.0,0.0
Q1,trimmed_mean_10,implementation_readiness,nit,3.0,3.0,0.0
Q1,trimmed_mean_10,implementation_readiness,sawf,9.0,9.0,0.0
Q1,trimmed_mean_10,implementation_readiness,ubc,8.0,6.0,-2.0
Q1,trimmed_mean_10,implementation_readiness,ubi,7.0,7.0,0.0
Q1,trimmed_mean_10,implementation_readiness,ubs,10.0,10.0,0.0
Q1,trimmed_mean_10,implementation_readiness,ui,2.0,2.0,0.0
Q1,trimmed_mean_10,implementation_readiness,wage_insurance,4.0,4.0,0.0
Q1,trimmed_mean_10,mild_disruption,almp,5.0,8.0,3.0
Q1,trimmed_mean_10,mild_disruption,directed_industrial_policy,11.0,10.0,-1.0
Q1,trimmed_mean_10,mild_disruption,eitc,3.0,3.0,0.0
Q1,trimmed_mean_10,mild_disruption,fjg,7.0,7.0,0.0
Q1,trimmed_mean_10,mild_disruption,nit,2.0,2.0,0.0
Q1,trimmed_mean_10,mild_disruption,sawf,6.0,6.0,0.0
Q1,trimmed_mean_10,mild_disruption,ubc,9.0,11.0,2.0
Q1,trimmed_mean_10,mild_disruption,ubi,10.0,9.0,-1.0
Q1,trimmed_mean_10,mild_disruption,ubs,8.0,5.0,-3.0
Q1,trimmed_mean_10,mild_disruption,ui,1.0,1.0,0.0
Q1,trimmed_mean_10,mild_disruption,wage_insurance,4.0,4.0,0.0
Q1,trimmed_mean_10,moderate_disruption,almp,8.5,10.0,1.5
Q1,trimmed_mean_10,moderate_disruption,directed_industrial_policy,10.0,7.0,-3.0
Q1,trimmed_mean_10,moderate_disruption,eitc,11.0,11.0,0.0
Q1,trimmed_mean_10,moderate_disruption,fjg,5.0,5.0,0.0
Q1,trimmed_mean_10,moderate_disruption,nit,6.0,6.0,0.0
Q1,trimmed_mean_10,moderate_disruption,sawf,3.0,4.0,1.0
Q1,trimmed_mean_10,moderate_disruption,ubc,1.0,2.0,1.0
Q1,trimmed_mean_10,moderate_disruption,ubi,2.0,1.0,-1.0
Q1,trimmed_mean_10,moderate_disruption,ubs,4.0,3.0,-1.0
Q1,trimmed_mean_10,moderate_disruption,ui,7.0,8.0,1.0
Q1,trimmed_mean_10,moderate_disruption,wage_insurance,8.5,9.0,0.5
Q1,trimmed_mean_10,full_transformation,almp,9.0,10.0,1.0
Q1,trimmed_mean_10,full_transformation,directed_industrial_policy,7.0,7.0,0.0
Q1,trimmed_mean_10,full_transformation,eitc,11.0,11.0,0.0
Q1,trimmed_mean_10,full_transformation,fjg,6.0,6.0,0.0
Q1,trimmed_mean_10,full_transformation,nit,5.0,5.0,0.0
Q1,trimmed_mean_10,full_transformation,sawf,3.0,3.0,0.0
Q1,trimmed_mean_10,full_transformation,ubc,1.0,2.0,1.0
Q1,trimmed_mean_10,full_transformation,ubi,2.0,1.0,-1.0
Q1,trimmed_mean_10,full_transformation,ubs,4.0,4.0,0.0
Q1,trimmed_mean_10,full_transformation,ui,8.0,8.0,0.0
Q1,trimmed_mean_10,full_transformation,wage_insurance,10.0,9.0,-1.0
Q1,trimmed_mean_10,welfare_resilience,almp,11.0,11.0,0.0
Q1,trimmed_mean_10,welfare_resilience,directed_industrial_policy,10.0,9.0,-1.0
Q1,trimmed_mean_10,welfare_resilience,eitc,6.0,6.0,0.0
Q1,trimmed_mean_10,welfare_resilience,fjg,1.0,1.0,0.0
Q1,trimmed_mean_10,welfare_resilience,nit,2.0,3.0,1.0
Q1,trimmed_mean_10,welfare_resilience,sawf,7.0,7.0,0.0
Q1,trimmed_mean_10,welfare_resilience,ubc,9.0,10.0,1.0
Q1,trimmed_mean_10,welfare_resilience,ubi,5.0,5.0,0.0
Q1,trimmed_mean_10,welfare_resilience,ubs,4.0,4.0,0.0
Q1,trimmed_mean_10,welfare_resilience,ui,3.0,2.0,-1.0
Q1,trimmed_mean_10,welfare_resilience,wage_insurance,8.0,8.0,0.0
Q1,trimmed_mean_10,agency_voice,almp,8.0,10.0,2.0
Q1,trimmed_mean_10,agency_voice,directed_industrial_policy,11.0,8.0,-3.0
Q1,trimmed_mean_10,agency_voice,eitc,10.0,11.0,1.0
Q1,trimmed_mean_10,agency_voice,fjg,6.0,6.0,0.0
Q1,trimmed_mean_10,agency_voice,nit,5.0,5.0,0.0
Q1,trimmed_mean_10,agency_voice,sawf,2.0,2.0,0.0
Q1,trimmed_mean_10,agency_voice,ubc,1.0,1.0,0.0
Q1,trimmed_mean_10,agency_voice,ubi,3.0,3.0,0.0
Q1,trimmed_mean_10,agency_voice,ubs,4.0,4.0,0.0
Q1,trimmed_mean_10,agency_voice,ui,7.0,7.0,0.0
Q1,trimmed_mean_10,agency_voice,wage_insurance,9.0,9.0,0.0
Q1,trimmed_mean_10,feasibility,almp,5.0,4.0,-1.0
Q1,trimmed_mean_10,feasibility,directed_industrial_policy,8.0,8.0,0.0
Q1,trimmed_mean_10,feasibility,eitc,1.0,1.0,0.0
Q1,trimmed_mean_10,feasibility,fjg,11.0,11.0,0.0
Q1,trimmed_mean_10,feasibility,nit,3.0,5.0,2.0
Q1,trimmed_mean_10,feasibility,sawf,6.0,6.0,0.0
Q1,trimmed_mean_10,feasibility,ubc,7.0,7.0,0.0
Q1,trimmed_mean_10,feasibility,ubi,10.0,9.0,-1.0
Q1,trimmed_mean_10,feasibility,ubs,9.0,10.0,1.0
Q1,trimmed_mean_10,feasibility,ui,2.0,2.0,0.0
Q1,trimmed_mean_10,feasibility,wage_insurance,4.0,3.0,-1.0
Q1,trimmed_mean_10,scenario_durability,almp,9.0,11.0,2.0
Q1,trimmed_mean_10,scenario_durability,directed_industrial_policy,11.0,8.0,-3.0
Q1,trimmed_mean_10,scenario_durability,eitc,10.0,10.0,0.0
Q1,trimmed_mean_10,scenario_durability,fjg,6.0,6.0,0.0
Q1,trimmed_mean_10,scenario_durability,nit,5.0,5.0,0.0
Q1,trimmed_mean_10,scenario_durability,sawf,3.0,2.0,-1.0
Q1,trimmed_mean_10,scenario_durability,ubc,1.0,4.0,3.0
Q1,trimmed_mean_10,scenario_durability,ubi,2.0,1.0,-1.0
Q1,trimmed_mean_10,scenario_durability,ubs,4.0,3.0,-1.0
Q1,trimmed_mean_10,scenario_durability,ui,7.0,7.0,0.0
Q1,trimmed_mean_10,scenario_durability,wage_insurance,8.0,9.0,1.0
Q4,trimmed_mean_10,standards_of_living,almp,11.0,11.0,0.0
Q4,trimmed_mean_10,standards_of_living,directed_industrial_policy,10.0,10.0,0.0
Q4,trimmed_mean_10,standards_of_living,eitc,4.0,4.0,0.0
Q4,trimmed_mean_10,standards_of_living,fjg,7.0,5.0,-2.0
Q4,trimmed_mean_10,standards_of_living,nit,1.0,1.0,0.0
Q4,trimmed_mean_10,standards_of_living,sawf,6.0,7.0,1.0
Q4,trimmed_mean_10,standards_of_living,ubc,9.0,9.0,0.0
Q4,trimmed_mean_10,standards_of_living,ubi,3.0,2.0,-1.0
Q4,trimmed_mean_10,standards_of_living,ubs,2.0,3.0,1.0
Q4,trimmed_mean_10,standards_of_living,ui,5.0,6.0,1.0
Q4,trimmed_mean_10,standards_of_living,wage_insurance,8.0,8.0,0.0
Q4,trimmed_mean_10,meaning_human_value,almp,4.0,5.0,1.0
Q4,trimmed_mean_10,meaning_human_value,directed_industrial_policy,8.0,3.0,-5.0
Q4,trimmed_mean_10,meaning_human_value,eitc,2.0,4.0,2.0
Q4,trimmed_mean_10,meaning_human_value,fjg,1.0,1.0,0.0
Q4,trimmed_mean_10,meaning_human_value,nit,9.0,7.0,-2.0
Q4,trimmed_mean_10,meaning_human_value,sawf,11.0,11.0,0.0
Q4,trimmed_mean_10,meaning_human_value,ubc,6.0,8.0,2.0
Q4,trimmed_mean_10,meaning_human_value,ubi,7.0,10.0,3.0
Q4,trimmed_mean_10,meaning_human_value,ubs,5.0,6.0,1.0
Q4,trimmed_mean_10,meaning_human_value,ui,10.0,9.0,-1.0
Q4,trimmed_mean_10,meaning_human_value,wage_insurance,3.0,2.0,-1.0
Q4,trimmed_mean_10,macro_stabilisation,almp,11.0,11.0,0.0
Q4,trimmed_mean_10,macro_stabilisation,directed_industrial_policy,10.0,9.0,-1.0
Q4,trimmed_mean_10,macro_stabilisation,eitc,7.0,7.0,0.0
Q4,trimmed_mean_10,macro_stabilisation,fjg,3.0,3.0,0.0
Q4,trimmed_mean_10,macro_stabilisation,nit,2.0,2.0,0.0
Q4,trimmed_mean_10,macro_stabilisation,sawf,6.0,5.0,-1.0
Q4,trimmed_mean_10,macro_stabilisation,ubc,9.0,10.0,1.0
Q4,trimmed_mean_10,macro_stabilisation,ubi,5.0,4.0,-1.0
Q4,trimmed_mean_10,macro_stabilisation,ubs,4.0,6.0,2.0
Q4,trimmed_mean_10,macro_stabilisation,ui,1.0,1.0,0.0
Q4,trimmed_mean_10,macro_stabilisation,wage_insurance,8.0,8.0,0.0
Q4,trimmed_mean_10,economic_agency_mobility,almp,5.0,5.0,0.0
Q4,trimmed_mean_10,economic_agency_mobility,directed_industrial_policy,10.0,10.0,0.0
Q4,trimmed_mean_10,economic_agency_mobility,eitc,11.0,11.0,0.0
Q4,trimmed_mean_10,economic_agency_mobility,fjg,2.0,4.0,2.0
Q4,trimmed_mean_10,economic_agency_mobility,nit,7.0,3.0,-4.0
Q4,trimmed_mean_10,economic_agency_mobility,sawf,9.0,8.0,-1.0
Q4,trimmed_mean_10,economic_agency_mobility,ubc,4.0,6.0,2.0
Q4,trimmed_mean_10,economic_agency_mobility,ubi,1.0,1.0,0.0
Q4,trimmed_mean_10,economic_agency_mobility,ubs,3.0,2.0,-1.0
Q4,trimmed_mean_10,economic_agency_mobility,ui,6.0,9.0,3.0
Q4,trimmed_mean_10,economic_agency_mobility,wage_insurance,8.0,7.0,-1.0
Q4,trimmed_mean_10,ownership_of_gains,almp,10.0,11.0,1.0
Q4,trimmed_mean_10,ownership_of_gains,directed_industrial_policy,5.0,5.0,0.0
Q4,trimmed_mean_10,ownership_of_gains,eitc,9.0,8.0,-1.0
Q4,trimmed_mean_10,ownership_of_gains,fjg,7.0,7.0,0.0
Q4,trimmed_mean_10,ownership_of_gains,nit,4.0,4.0,0.0
Q4,trimmed_mean_10,ownership_of_gains,sawf,2.0,2.0,0.0
Q4,trimmed_mean_10,ownership_of_gains,ubc,1.0,1.0,0.0
Q4,trimmed_mean_10,ownership_of_gains,ubi,3.0,3.0,0.0
Q4,trimmed_mean_10,ownership_of_gains,ubs,6.0,6.0,0.0
Q4,trimmed_mean_10,ownership_of_gains,ui,8.0,10.0,2.0
Q4,trimmed_mean_10,ownership_of_gains,wage_insurance,11.0,9.0,-2.0
Q4,trimmed_mean_10,democratic_voice,almp,10.0,10.0,0.0
Q4,trimmed_mean_10,democratic_voice,directed_industrial_policy,11.0,11.0,0.0
Q4,trimmed_mean_10,democratic_voice,eitc,8.0,8.0,0.0
Q4,trimmed_mean_10,democratic_voice,fjg,6.0,6.0,0.0
Q4,trimmed_mean_10,democratic_voice,nit,5.0,5.0,0.0
Q4,trimmed_mean_10,democratic_voice,sawf,1.0,3.0,2.0
Q4,trimmed_mean_10,democratic_voice,ubc,2.0,1.0,-1.0
Q4,trimmed_mean_10,democratic_voice,ubi,3.0,2.0,-1.0
Q4,trimmed_mean_10,democratic_voice,ubs,4.0,4.0,0.0
Q4,trimmed_mean_10,democratic_voice,ui,7.0,7.0,0.0
Q4,trimmed_mean_10,democratic_voice,wage_insurance,9.0,9.0,0.0
Q4,trimmed_mean_10,economic_feasibility,almp,3.0,3.0,0.0
Q4,trimmed_mean_10,economic_feasibility,directed_industrial_policy,9.0,8.0,-1.0
Q4,trimmed_mean_10,economic_feasibility,eitc,1.0,1.0,0.0
Q4,trimmed_mean_10,economic_feasibility,fjg,10.0,10.0,0.0
Q4,trimmed_mean_10,economic_feasibility,nit,6.0,6.0,0.0
Q4,trimmed_mean_10,economic_feasibility,sawf,5.0,5.0,0.0
Q4,trimmed_mean_10,economic_feasibility,ubc,7.0,7.0,0.0
Q4,trimmed_mean_10,economic_feasibility,ubi,11.0,11.0,0.0
Q4,trimmed_mean_10,economic_feasibility,ubs,8.0,9.0,1.0
Q4,trimmed_mean_10,economic_feasibility,ui,4.0,4.0,0.0
Q4,trimmed_mean_10,economic_feasibility,wage_insurance,2.0,2.0,0.0
Q4,trimmed_mean_10,implementation_readiness,almp,5.0,5.0,0.0
Q4,trimmed_mean_10,implementation_readiness,directed_industrial_policy,6.0,6.0,0.0
Q4,trimmed_mean_10,implementation_readiness,eitc,1.0,1.0,0.0
Q4,trimmed_mean_10,implementation_readiness,fjg,11.0,11.0,0.0
Q4,trimmed_mean_10,implementation_readiness,nit,3.0,3.0,0.0
Q4,trimmed_mean_10,implementation_readiness,sawf,9.0,8.0,-1.0
Q4,trimmed_mean_10,implementation_readiness,ubc,8.0,10.0,2.0
Q4,trimmed_mean_10,implementation_readiness,ubi,7.0,7.0,0.0
Q4,trimmed_mean_10,implementation_readiness,ubs,10.0,9.0,-1.0
Q4,trimmed_mean_10,implementation_readiness,ui,2.0,2.0,0.0
Q4,trimmed_mean_10,implementation_readiness,wage_insurance,4.0,4.0,0.0
Q4,trimmed_mean_10,mild_disruption,almp,5.0,5.0,0.0
Q4,trimmed_mean_10,mild_disruption,directed_industrial_policy,11.0,9.0,-2.0
Q4,trimmed_mean_10,mild_disruption,eitc,3.0,3.0,0.0
Q4,trimmed_mean_10,mild_disruption,fjg,7.0,7.0,0.0
Q4,trimmed_mean_10,mild_disruption,nit,2.0,1.0,-1.0
Q4,trimmed_mean_10,mild_disruption,sawf,6.0,8.0,2.0
Q4,trimmed_mean_10,mild_disruption,ubc,9.0,10.0,1.0
Q4,trimmed_mean_10,mild_disruption,ubi,10.0,11.0,1.0
Q4,trimmed_mean_10,mild_disruption,ubs,8.0,6.0,-2.0
Q4,trimmed_mean_10,mild_disruption,ui,1.0,2.0,1.0
Q4,trimmed_mean_10,mild_disruption,wage_insurance,4.0,4.0,0.0
Q4,trimmed_mean_10,moderate_disruption,almp,8.5,10.0,1.5
Q4,trimmed_mean_10,moderate_disruption,directed_industrial_policy,10.0,7.0,-3.0
Q4,trimmed_mean_10,moderate_disruption,eitc,11.0,11.0,0.0
Q4,trimmed_mean_10,moderate_disruption,fjg,5.0,6.0,1.0
Q4,trimmed_mean_10,moderate_disruption,nit,6.0,5.0,-1.0
Q4,trimmed_mean_10,moderate_disruption,sawf,3.0,2.0,-1.0
Q4,trimmed_mean_10,moderate_disruption,ubc,1.0,3.0,2.0
Q4,trimmed_mean_10,moderate_disruption,ubi,2.0,1.0,-1.0
Q4,trimmed_mean_10,moderate_disruption,ubs,4.0,4.0,0.0
Q4,trimmed_mean_10,moderate_disruption,ui,7.0,8.0,1.0
Q4,trimmed_mean_10,moderate_disruption,wage_insurance,8.5,9.0,0.5
Q4,trimmed_mean_10,full_transformation,almp,9.0,9.0,0.0
Q4,trimmed_mean_10,full_transformation,directed_industrial_policy,7.0,6.0,-1.0
Q4,trimmed_mean_10,full_transformation,eitc,11.0,11.0,0.0
Q4,trimmed_mean_10,full_transformation,fjg,6.0,7.0,1.0
Q4,trimmed_mean_10,full_transformation,nit,5.0,5.0,0.0
Q4,trimmed_mean_10,full_transformation,sawf,3.0,3.0,0.0
Q4,trimmed_mean_10,full_transformation,ubc,1.0,1.0,0.0
Q4,trimmed_mean_10,full_transformation,ubi,2.0,2.0,0.0
Q4,trimmed_mean_10,full_transformation,ubs,4.0,4.0,0.0
Q4,trimmed_mean_10,full_transformation,ui,8.0,8.0,0.0
Q4,trimmed_mean_10,full_transformation,wage_insurance,10.0,10.0,0.0
Q4,trimmed_mean_10,welfare_resilience,almp,11.0,11.0,0.0
Q4,trimmed_mean_10,welfare_resilience,directed_industrial_policy,10.0,9.0,-1.0
Q4,trimmed_mean_10,welfare_resilience,eitc,6.0,6.0,0.0
Q4,trimmed_mean_10,welfare_resilience,fjg,1.0,1.0,0.0
Q4,trimmed_mean_10,welfare_resilience,nit,2.0,2.0,0.0
Q4,trimmed_mean_10,welfare_resilience,sawf,7.0,8.0,1.0
Q4,trimmed_mean_10,welfare_resilience,ubc,9.0,10.0,1.0
Q4,trimmed_mean_10,welfare_resilience,ubi,5.0,5.0,0.0
Q4,trimmed_mean_10,welfare_resilience,ubs,4.0,4.0,0.0
Q4,trimmed_mean_10,welfare_resilience,ui,3.0,3.0,0.0
Q4,trimmed_mean_10,welfare_resilience,wage_insurance,8.0,7.0,-1.0
Q4,trimmed_mean_10,agency_voice,almp,8.0,8.0,0.0
Q4,trimmed_mean_10,agency_voice,directed_industrial_policy,11.0,10.0,-1.0
Q4,trimmed_mean_10,agency_voice,eitc,10.0,11.0,1.0
Q4,trimmed_mean_10,agency_voice,fjg,6.0,6.0,0.0
Q4,trimmed_mean_10,agency_voice,nit,5.0,4.0,-1.0
Q4,trimmed_mean_10,agency_voice,sawf,2.0,2.0,0.0
Q4,trimmed_mean_10,agency_voice,ubc,1.0,1.0,0.0
Q4,trimmed_mean_10,agency_voice,ubi,3.0,3.0,0.0
Q4,trimmed_mean_10,agency_voice,ubs,4.0,5.0,1.0
Q4,trimmed_mean_10,agency_voice,ui,7.0,7.0,0.0
Q4,trimmed_mean_10,agency_voice,wage_insurance,9.0,9.0,0.0
Q4,trimmed_mean_10,feasibility,almp,5.0,5.0,0.0
Q4,trimmed_mean_10,feasibility,directed_industrial_policy,8.0,7.0,-1.0
Q4,trimmed_mean_10,feasibility,eitc,1.0,1.0,0.0
Q4,trimmed_mean_10,feasibility,fjg,11.0,11.0,0.0
Q4,trimmed_mean_10,feasibility,nit,3.0,4.0,1.0
Q4,trimmed_mean_10,feasibility,sawf,6.0,6.0,0.0
Q4,trimmed_mean_10,feasibility,ubc,7.0,8.0,1.0
Q4,trimmed_mean_10,feasibility,ubi,10.0,10.0,0.0
Q4,trimmed_mean_10,feasibility,ubs,9.0,9.0,0.0
Q4,trimmed_mean_10,feasibility,ui,2.0,2.0,0.0
Q4,trimmed_mean_10,feasibility,wage_insurance,4.0,3.0,-1.0
Q4,trimmed_mean_10,scenario_durability,almp,9.0,10.0,1.0
Q4,trimmed_mean_10,scenario_durability,directed_industrial_policy,11.0,8.0,-3.0
Q4,trimmed_mean_10,scenario_durability,eitc,10.0,11.0,1.0
Q4,trimmed_mean_10,scenario_durability,fjg,6.0,6.0,0.0
Q4,trimmed_mean_10,scenario_durability,nit,5.0,5.0,0.0
Q4,trimmed_mean_10,scenario_durability,sawf,3.0,2.0,-1.0
Q4,trimmed_mean_10,scenario_durability,ubc,1.0,1.0,0.0
Q4,trimmed_mean_10,scenario_durability,ubi,2.0,3.0,1.0
Q4,trimmed_mean_10,scenario_durability,ubs,4.0,4.0,0.0
Q4,trimmed_mean_10,scenario_durability,ui,7.0,7.0,0.0
Q4,trimmed_mean_10,scenario_durability,wage_insurance,8.0,9.0,1.0
Q3c,trimmed_mean_10,standards_of_living,almp,11.0,11.0,0.0
Q3c,trimmed_mean_10,standards_of_living,directed_industrial_policy,10.0,10.0,0.0
Q3c,trimmed_mean_10,standards_of_living,eitc,4.0,7.0,3.0
Q3c,trimmed_mean_10,standards_of_living,fjg,7.0,5.0,-2.0
Q3c,trimmed_mean_10,standards_of_living,nit,1.0,1.0,0.0
Q3c,trimmed_mean_10,standards_of_living,sawf,6.0,4.0,-2.0
Q3c,trimmed_mean_10,standards_of_living,ubc,9.0,9.0,0.0
Q3c,trimmed_mean_10,standards_of_living,ubi,3.0,2.0,-1.0
Q3c,trimmed_mean_10,standards_of_living,ubs,2.0,3.0,1.0
Q3c,trimmed_mean_10,standards_of_living,ui,5.0,6.0,1.0
Q3c,trimmed_mean_10,standards_of_living,wage_insurance,8.0,8.0,0.0
Q3c,trimmed_mean_10,meaning_human_value,almp,3.0,4.0,1.0
Q3c,trimmed_mean_10,meaning_human_value,directed_industrial_policy,7.0,5.0,-2.0
Q3c,trimmed_mean_10,meaning_human_value,eitc,2.0,3.0,1.0
Q3c,trimmed_mean_10,meaning_human_value,fjg,1.0,1.0,0.0
Q3c,trimmed_mean_10,meaning_human_value,nit,8.0,8.0,0.0
Q3c,trimmed_mean_10,meaning_human_value,sawf,11.0,11.0,0.0
Q3c,trimmed_mean_10,meaning_human_value,ubc,6.0,7.0,1.0
Q3c,trimmed_mean_10,meaning_human_value,ubi,9.0,9.0,0.0
Q3c,trimmed_mean_10,meaning_human_value,ubs,5.0,6.0,1.0
Q3c,trimmed_mean_10,meaning_human_value,ui,10.0,10.0,0.0
Q3c,trimmed_mean_10,meaning_human_value,wage_insurance,4.0,2.0,-2.0
Q3c,trimmed_mean_10,macro_stabilisation,almp,11.0,11.0,0.0
Q3c,trimmed_mean_10,macro_stabilisation,directed_industrial_policy,10.0,9.0,-1.0
Q3c,trimmed_mean_10,macro_stabilisation,eitc,7.0,7.0,0.0
Q3c,trimmed_mean_10,macro_stabilisation,fjg,3.0,2.0,-1.0
Q3c,trimmed_mean_10,macro_stabilisation,nit,2.0,3.0,1.0
Q3c,trimmed_mean_10,macro_stabilisation,sawf,6.0,5.0,-1.0
Q3c,trimmed_mean_10,macro_stabilisation,ubc,9.0,10.0,1.0
Q3c,trimmed_mean_10,macro_stabilisation,ubi,5.0,4.0,-1.0
Q3c,trimmed_mean_10,macro_stabilisation,ubs,4.0,6.0,2.0
Q3c,trimmed_mean_10,macro_stabilisation,ui,1.0,1.0,0.0
Q3c,trimmed_mean_10,macro_stabilisation,wage_insurance,8.0,8.0,0.0
Q3c,trimmed_mean_10,economic_agency_mobility,almp,5.0,5.5,0.5
Q3c,trimmed_mean_10,economic_agency_mobility,directed_industrial_policy,10.0,10.0,0.0
Q3c,trimmed_mean_10,economic_agency_mobility,eitc,11.0,11.0,0.0
Q3c,trimmed_mean_10,economic_agency_mobility,fjg,3.0,4.0,1.0
Q3c,trimmed_mean_10,economic_agency_mobility,nit,7.0,7.0,0.0
Q3c,trimmed_mean_10,economic_agency_mobility,sawf,9.0,8.0,-1.0
Q3c,trimmed_mean_10,economic_agency_mobility,ubc,2.0,3.0,1.0
Q3c,trimmed_mean_10,economic_agency_mobility,ubi,1.0,1.0,0.0
Q3c,trimmed_mean_10,economic_agency_mobility,ubs,4.0,2.0,-2.0
Q3c,trimmed_mean_10,economic_agency_mobility,ui,6.0,5.5,-0.5
Q3c,trimmed_mean_10,economic_agency_mobility,wage_insurance,8.0,9.0,1.0
Q3c,trimmed_mean_10,ownership_of_gains,almp,8.0,9.0,1.0
Q3c,trimmed_mean_10,ownership_of_gains,directed_industrial_policy,5.0,5.0,0.0
Q3c,trimmed_mean_10,ownership_of_gains,eitc,10.0,10.0,0.0
Q3c,trimmed_mean_10,ownership_of_gains,fjg,7.0,7.0,0.0
Q3c,trimmed_mean_10,ownership_of_gains,nit,4.0,4.0,0.0
Q3c,trimmed_mean_10,ownership_of_gains,sawf,2.0,2.0,0.0
Q3c,trimmed_mean_10,ownership_of_gains,ubc,1.0,1.0,0.0
Q3c,trimmed_mean_10,ownership_of_gains,ubi,3.0,3.0,0.0
Q3c,trimmed_mean_10,ownership_of_gains,ubs,6.0,6.0,0.0
Q3c,trimmed_mean_10,ownership_of_gains,ui,9.0,8.0,-1.0
Q3c,trimmed_mean_10,ownership_of_gains,wage_insurance,11.0,11.0,0.0
Q3c,trimmed_mean_10,democratic_voice,almp,10.0,10.0,0.0
Q3c,trimmed_mean_10,democratic_voice,directed_industrial_policy,11.0,11.0,0.0
Q3c,trimmed_mean_10,democratic_voice,eitc,8.0,8.0,0.0
Q3c,trimmed_mean_10,democratic_voice,fjg,6.0,6.0,0.0
Q3c,trimmed_mean_10,democratic_voice,nit,5.0,5.0,0.0
Q3c,trimmed_mean_10,democratic_voice,sawf,2.0,2.0,0.0
Q3c,trimmed_mean_10,democratic_voice,ubc,1.0,1.0,0.0
Q3c,trimmed_mean_10,democratic_voice,ubi,3.0,3.0,0.0
Q3c,trimmed_mean_10,democratic_voice,ubs,4.0,4.0,0.0
Q3c,trimmed_mean_10,democratic_voice,ui,7.0,7.0,0.0
Q3c,trimmed_mean_10,democratic_voice,wage_insurance,9.0,9.0,0.0
Q3c,trimmed_mean_10,economic_feasibility,almp,3.0,3.0,0.0
Q3c,trimmed_mean_10,economic_feasibility,directed_industrial_policy,9.0,9.0,0.0
Q3c,trimmed_mean_10,economic_feasibility,eitc,1.0,2.0,1.0
Q3c,trimmed_mean_10,economic_feasibility,fjg,10.0,10.0,0.0
Q3c,trimmed_mean_10,economic_feasibility,nit,6.0,6.0,0.0
Q3c,trimmed_mean_10,economic_feasibility,sawf,5.0,5.0,0.0
Q3c,trimmed_mean_10,economic_feasibility,ubc,7.0,7.0,0.0
Q3c,trimmed_mean_10,economic_feasibility,ubi,11.0,11.0,0.0
Q3c,trimmed_mean_10,economic_feasibility,ubs,8.0,8.0,0.0
Q3c,trimmed_mean_10,economic_feasibility,ui,4.0,4.0,0.0
Q3c,trimmed_mean_10,economic_feasibility,wage_insurance,2.0,1.0,-1.0
Q3c,trimmed_mean_10,implementation_readiness,almp,5.0,5.0,0.0
Q3c,trimmed_mean_10,implementation_readiness,directed_industrial_policy,6.0,6.0,0.0
Q3c,trimmed_mean_10,implementation_readiness,eitc,1.0,1.0,0.0
Q3c,trimmed_mean_10,implementation_readiness,fjg,11.0,11.0,0.0
Q3c,trimmed_mean_10,implementation_readiness,nit,3.0,3.0,0.0
Q3c,trimmed_mean_10,implementation_readiness,sawf,9.0,8.0,-1.0
Q3c,trimmed_mean_10,implementation_readiness,ubc,7.0,7.0,0.0
Q3c,trimmed_mean_10,implementation_readiness,ubi,8.0,9.0,1.0
Q3c,trimmed_mean_10,implementation_readiness,ubs,10.0,10.0,0.0
Q3c,trimmed_mean_10,implementation_readiness,ui,2.0,2.0,0.0
Q3c,trimmed_mean_10,implementation_readiness,wage_insurance,4.0,4.0,0.0
Q3c,trimmed_mean_10,mild_disruption,almp,5.0,5.0,0.0
Q3c,trimmed_mean_10,mild_disruption,directed_industrial_policy,11.0,10.0,-1.0
Q3c,trimmed_mean_10,mild_disruption,eitc,3.0,3.0,0.0
Q3c,trimmed_mean_10,mild_disruption,fjg,6.0,7.0,1.0
Q3c,trimmed_mean_10,mild_disruption,nit,2.0,2.0,0.0
Q3c,trimmed_mean_10,mild_disruption,sawf,8.0,6.0,-2.0
Q3c,trimmed_mean_10,mild_disruption,ubc,9.0,9.0,0.0
Q3c,trimmed_mean_10,mild_disruption,ubi,10.0,11.0,1.0
Q3c,trimmed_mean_10,mild_disruption,ubs,7.0,8.0,1.0
Q3c,trimmed_mean_10,mild_disruption,ui,1.0,1.0,0.0
Q3c,trimmed_mean_10,mild_disruption,wage_insurance,4.0,4.0,0.0
Q3c,trimmed_mean_10,moderate_disruption,almp,8.0,9.0,1.0
Q3c,trimmed_mean_10,moderate_disruption,directed_industrial_policy,9.0,8.0,-1.0
Q3c,trimmed_mean_10,moderate_disruption,eitc,11.0,11.0,0.0
Q3c,trimmed_mean_10,moderate_disruption,fjg,5.0,5.0,0.0
Q3c,trimmed_mean_10,moderate_disruption,nit,6.0,6.0,0.0
Q3c,trimmed_mean_10,moderate_disruption,sawf,3.0,3.0,0.0
Q3c,trimmed_mean_10,moderate_disruption,ubc,1.0,1.0,0.0
Q3c,trimmed_mean_10,moderate_disruption,ubi,2.0,2.0,0.0
Q3c,trimmed_mean_10,moderate_disruption,ubs,4.0,4.0,0.0
Q3c,trimmed_mean_10,moderate_disruption,ui,7.0,7.0,0.0
Q3c,trimmed_mean_10,moderate_disruption,wage_insurance,10.0,10.0,0.0
Q3c,trimmed_mean_10,full_transformation,almp,9.0,9.0,0.0
Q3c,trimmed_mean_10,full_transformation,directed_industrial_policy,7.0,7.0,0.0
Q3c,trimmed_mean_10,full_transformation,eitc,11.0,11.0,0.0
Q3c,trimmed_mean_10,full_transformation,fjg,6.0,6.0,0.0
Q3c,trimmed_mean_10,full_transformation,nit,5.0,5.0,0.0
Q3c,trimmed_mean_10,full_transformation,sawf,3.0,3.0,0.0
Q3c,trimmed_mean_10,full_transformation,ubc,1.0,1.0,0.0
Q3c,trimmed_mean_10,full_transformation,ubi,2.0,2.0,0.0
Q3c,trimmed_mean_10,full_transformation,ubs,4.0,4.0,0.0
Q3c,trimmed_mean_10,full_transformation,ui,8.0,8.0,0.0
Q3c,trimmed_mean_10,full_transformation,wage_insurance,10.0,10.0,0.0
Q3c,trimmed_mean_10,welfare_resilience,almp,11.0,11.0,0.0
Q3c,trimmed_mean_10,welfare_resilience,directed_industrial_policy,10.0,9.0,-1.0
Q3c,trimmed_mean_10,welfare_resilience,eitc,5.0,6.0,1.0
Q3c,trimmed_mean_10,welfare_resilience,fjg,1.0,1.0,0.0
Q3c,trimmed_mean_10,welfare_resilience,nit,2.0,2.0,0.0
Q3c,trimmed_mean_10,welfare_resilience,sawf,7.0,7.0,0.0
Q3c,trimmed_mean_10,welfare_resilience,ubc,9.0,10.0,1.0
Q3c,trimmed_mean_10,welfare_resilience,ubi,6.0,5.0,-1.0
Q3c,trimmed_mean_10,welfare_resilience,ubs,4.0,4.0,0.0
Q3c,trimmed_mean_10,welfare_resilience,ui,3.0,3.0,0.0
Q3c,trimmed_mean_10,welfare_resilience,wage_insurance,8.0,8.0,0.0
Q3c,trimmed_mean_10,agency_voice,almp,8.0,8.0,0.0
Q3c,trimmed_mean_10,agency_voice,directed_industrial_policy,11.0,10.0,-1.0
Q3c,trimmed_mean_10,agency_voice,eitc,10.0,11.0,1.0
Q3c,trimmed_mean_10,agency_voice,fjg,6.0,6.0,0.0
Q3c,trimmed_mean_10,agency_voice,nit,4.0,5.0,1.0
Q3c,trimmed_mean_10,agency_voice,sawf,2.0,2.0,0.0
Q3c,trimmed_mean_10,agency_voice,ubc,1.0,1.0,0.0
Q3c,trimmed_mean_10,agency_voice,ubi,3.0,3.0,0.0
Q3c,trimmed_mean_10,agency_voice,ubs,5.0,4.0,-1.0
Q3c,trimmed_mean_10,agency_voice,ui,7.0,7.0,0.0
Q3c,trimmed_mean_10,agency_voice,wage_insurance,9.0,9.0,0.0
Q3c,trimmed_mean_10,feasibility,almp,5.0,5.0,0.0
Q3c,trimmed_mean_10,feasibility,directed_industrial_policy,8.0,8.0,0.0
Q3c,trimmed_mean_10,feasibility,eitc,1.0,1.0,0.0
Q3c,trimmed_mean_10,feasibility,fjg,11.0,11.0,0.0
Q3c,trimmed_mean_10,feasibility,nit,3.0,4.0,1.0
Q3c,trimmed_mean_10,feasibility,sawf,6.0,6.0,0.0
Q3c,trimmed_mean_10,feasibility,ubc,7.0,7.0,0.0
Q3c,trimmed_mean_10,feasibility,ubi,10.0,10.0,0.0
Q3c,trimmed_mean_10,feasibility,ubs,9.0,9.0,0.0
Q3c,trimmed_mean_10,feasibility,ui,2.0,2.0,0.0
Q3c,trimmed_mean_10,feasibility,wage_insurance,4.0,3.0,-1.0
Q3c,trimmed_mean_10,scenario_durability,almp,8.0,8.0,0.0
Q3c,trimmed_mean_10,scenario_durability,directed_industrial_policy,11.0,9.0,-2.0
Q3c,trimmed_mean_10,scenario_durability,eitc,10.0,10.0,0.0
Q3c,trimmed_mean_10,scenario_durability,fjg,6.0,6.0,0.0
Q3c,trimmed_mean_10,scenario_durability,nit,5.0,5.0,0.0
Q3c,trimmed_mean_10,scenario_durability,sawf,2.0,2.0,0.0
Q3c,trimmed_mean_10,scenario_durability,ubc,1.0,1.0,0.0
Q3c,trimmed_mean_10,scenario_durability,ubi,3.0,3.0,0.0
Q3c,trimmed_mean_10,scenario_durability,ubs,4.0,4.0,0.0
Q3c,trimmed_mean_10,scenario_durability,ui,7.0,7.0,0.0
Q3c,trimmed_mean_10,scenario_durability,wage_insurance,9.0,11.0,2.0
D2,trimmed_mean_10,standards_of_living,almp,11.0,11.0,0.0
D2,trimmed_mean_10,standards_of_living,directed_industrial_policy,10.0,10.0,0.0
D2,trimmed_mean_10,standards_of_living,eitc,4.0,5.0,1.0
D2,trimmed_mean_10,standards_of_living,fjg,7.0,4.0,-3.0
D2,trimmed_mean_10,standards_of_living,nit,1.0,3.0,2.0
D2,trimmed_mean_10,standards_of_living,sawf,6.0,6.0,0.0
D2,trimmed_mean_10,standards_of_living,ubc,9.0,9.0,0.0
D2,trimmed_mean_10,standards_of_living,ubi,3.0,1.0,-2.0
D2,trimmed_mean_10,standards_of_living,ubs,2.0,2.0,0.0
D2,trimmed_mean_10,standards_of_living,ui,5.0,7.0,2.0
D2,trimmed_mean_10,standards_of_living,wage_insurance,8.0,8.0,0.0
D2,trimmed_mean_10,meaning_human_value,almp,4.0,4.0,0.0
D2,trimmed_mean_10,meaning_human_value,directed_industrial_policy,8.0,9.0,1.0
D2,trimmed_mean_10,meaning_human_value,eitc,2.0,7.0,5.0
D2,trimmed_mean_10,meaning_human_value,fjg,1.0,1.0,0.0
D2,trimmed_mean_10,meaning_human_value,nit,9.0,8.0,-1.0
D2,trimmed_mean_10,meaning_human_value,sawf,11.0,10.0,-1.0
D2,trimmed_mean_10,meaning_human_value,ubc,6.0,3.0,-3.0
D2,trimmed_mean_10,meaning_human_value,ubi,7.0,2.0,-5.0
D2,trimmed_mean_10,meaning_human_value,ubs,5.0,5.0,0.0
D2,trimmed_mean_10,meaning_human_value,ui,10.0,11.0,1.0
D2,trimmed_mean_10,meaning_human_value,wage_insurance,3.0,6.0,3.0
D2,trimmed_mean_10,macro_stabilisation,almp,11.0,11.0,0.0
D2,trimmed_mean_10,macro_stabilisation,directed_industrial_policy,10.0,10.0,0.0
D2,trimmed_mean_10,macro_stabilisation,eitc,7.0,7.0,0.0
D2,trimmed_mean_10,macro_stabilisation,fjg,3.0,2.0,-1.0
D2,trimmed_mean_10,macro_stabilisation,nit,2.0,3.0,1.0
D2,trimmed_mean_10,macro_stabilisation,sawf,6.0,6.0,0.0
D2,trimmed_mean_10,macro_stabilisation,ubc,9.0,9.0,0.0
D2,trimmed_mean_10,macro_stabilisation,ubi,5.0,4.0,-1.0
D2,trimmed_mean_10,macro_stabilisation,ubs,4.0,5.0,1.0
D2,trimmed_mean_10,macro_stabilisation,ui,1.0,1.0,0.0
D2,trimmed_mean_10,macro_stabilisation,wage_insurance,8.0,8.0,0.0
D2,trimmed_mean_10,economic_agency_mobility,almp,5.0,3.0,-2.0
D2,trimmed_mean_10,economic_agency_mobility,directed_industrial_policy,10.0,10.0,0.0
D2,trimmed_mean_10,economic_agency_mobility,eitc,11.0,11.0,0.0
D2,trimmed_mean_10,economic_agency_mobility,fjg,2.0,2.0,0.0
D2,trimmed_mean_10,economic_agency_mobility,nit,7.0,7.0,0.0
D2,trimmed_mean_10,economic_agency_mobility,sawf,9.0,9.0,0.0
D2,trimmed_mean_10,economic_agency_mobility,ubc,4.0,4.0,0.0
D2,trimmed_mean_10,economic_agency_mobility,ubi,1.0,1.0,0.0
D2,trimmed_mean_10,economic_agency_mobility,ubs,3.0,5.0,2.0
D2,trimmed_mean_10,economic_agency_mobility,ui,6.0,6.0,0.0
D2,trimmed_mean_10,economic_agency_mobility,wage_insurance,8.0,8.0,0.0
D2,trimmed_mean_10,ownership_of_gains,almp,10.0,8.0,-2.0
D2,trimmed_mean_10,ownership_of_gains,directed_industrial_policy,5.0,5.0,0.0
D2,trimmed_mean_10,ownership_of_gains,eitc,9.0,10.0,1.0
D2,trimmed_mean_10,ownership_of_gains,fjg,7.0,7.0,0.0
D2,trimmed_mean_10,ownership_of_gains,nit,4.0,4.0,0.0
D2,trimmed_mean_10,ownership_of_gains,sawf,2.0,2.0,0.0
D2,trimmed_mean_10,ownership_of_gains,ubc,1.0,1.0,0.0
D2,trimmed_mean_10,ownership_of_gains,ubi,3.0,3.0,0.0
D2,trimmed_mean_10,ownership_of_gains,ubs,6.0,6.0,0.0
D2,trimmed_mean_10,ownership_of_gains,ui,8.0,9.0,1.0
D2,trimmed_mean_10,ownership_of_gains,wage_insurance,11.0,11.0,0.0
D2,trimmed_mean_10,democratic_voice,almp,10.0,9.5,-0.5
D2,trimmed_mean_10,democratic_voice,directed_industrial_policy,11.0,11.0,0.0
D2,trimmed_mean_10,democratic_voice,eitc,8.0,8.0,0.0
D2,trimmed_mean_10,democratic_voice,fjg,6.0,5.0,-1.0
D2,trimmed_mean_10,democratic_voice,nit,5.0,6.0,1.0
D2,trimmed_mean_10,democratic_voice,sawf,1.0,1.0,0.0
D2,trimmed_mean_10,democratic_voice,ubc,2.0,2.0,0.0
D2,trimmed_mean_10,democratic_voice,ubi,3.0,3.0,0.0
D2,trimmed_mean_10,democratic_voice,ubs,4.0,4.0,0.0
D2,trimmed_mean_10,democratic_voice,ui,7.0,7.0,0.0
D2,trimmed_mean_10,democratic_voice,wage_insurance,9.0,9.5,0.5
D2,trimmed_mean_10,economic_feasibility,almp,3.0,3.0,0.0
D2,trimmed_mean_10,economic_feasibility,directed_industrial_policy,9.0,11.0,2.0
D2,trimmed_mean_10,economic_feasibility,eitc,1.0,2.0,1.0
D2,trimmed_mean_10,economic_feasibility,fjg,10.0,9.0,-1.0
D2,trimmed_mean_10,economic_feasibility,nit,6.0,7.0,1.0
D2,trimmed_mean_10,economic_feasibility,sawf,5.0,4.0,-1.0
D2,trimmed_mean_10,economic_feasibility,ubc,7.0,8.0,1.0
D2,trimmed_mean_10,economic_feasibility,ubi,11.0,10.0,-1.0
D2,trimmed_mean_10,economic_feasibility,ubs,8.0,6.0,-2.0
D2,trimmed_mean_10,economic_feasibility,ui,4.0,5.0,1.0
D2,trimmed_mean_10,economic_feasibility,wage_insurance,2.0,1.0,-1.0
D2,trimmed_mean_10,implementation_readiness,almp,5.0,4.0,-1.0
D2,trimmed_mean_10,implementation_readiness,directed_industrial_policy,6.0,6.0,0.0
D2,trimmed_mean_10,implementation_readiness,eitc,1.0,1.0,0.0
D2,trimmed_mean_10,implementation_readiness,fjg,11.0,11.0,0.0
D2,trimmed_mean_10,implementation_readiness,nit,3.0,3.0,0.0
D2,trimmed_mean_10,implementation_readiness,sawf,9.0,9.0,0.0
D2,trimmed_mean_10,implementation_readiness,ubc,8.0,8.0,0.0
D2,trimmed_mean_10,implementation_readiness,ubi,7.0,7.0,0.0
D2,trimmed_mean_10,implementation_readiness,ubs,10.0,10.0,0.0
D2,trimmed_mean_10,implementation_readiness,ui,2.0,2.0,0.0
D2,trimmed_mean_10,implementation_readiness,wage_insurance,4.0,5.0,1.0
D2,trimmed_mean_10,mild_disruption,almp,5.0,5.0,0.0
D2,trimmed_mean_10,mild_disruption,directed_industrial_policy,11.0,11.0,0.0
D2,trimmed_mean_10,mild_disruption,eitc,3.0,3.0,0.0
D2,trimmed_mean_10,mild_disruption,fjg,7.0,4.0,-3.0
D2,trimmed_mean_10,mild_disruption,nit,2.0,2.0,0.0
D2,trimmed_mean_10,mild_disruption,sawf,6.0,6.0,0.0
D2,trimmed_mean_10,mild_disruption,ubc,9.0,10.0,1.0
D2,trimmed_mean_10,mild_disruption,ubi,10.0,9.0,-1.0
D2,trimmed_mean_10,mild_disruption,ubs,8.0,8.0,0.0
D2,trimmed_mean_10,mild_disruption,ui,1.0,1.0,0.0
D2,trimmed_mean_10,mild_disruption,wage_insurance,4.0,7.0,3.0
D2,trimmed_mean_10,moderate_disruption,almp,8.5,8.0,-0.5
D2,trimmed_mean_10,moderate_disruption,directed_industrial_policy,10.0,9.0,-1.0
D2,trimmed_mean_10,moderate_disruption,eitc,11.0,11.0,0.0
D2,trimmed_mean_10,moderate_disruption,fjg,5.0,5.0,0.0
D2,trimmed_mean_10,moderate_disruption,nit,6.0,6.0,0.0
D2,trimmed_mean_10,moderate_disruption,sawf,3.0,4.0,1.0
D2,trimmed_mean_10,moderate_disruption,ubc,1.0,2.0,1.0
D2,trimmed_mean_10,moderate_disruption,ubi,2.0,1.0,-1.0
D2,trimmed_mean_10,moderate_disruption,ubs,4.0,3.0,-1.0
D2,trimmed_mean_10,moderate_disruption,ui,7.0,7.0,0.0
D2,trimmed_mean_10,moderate_disruption,wage_insurance,8.5,10.0,1.5
D2,trimmed_mean_10,full_transformation,almp,9.0,8.0,-1.0
D2,trimmed_mean_10,full_transformation,directed_industrial_policy,7.0,7.0,0.0
D2,trimmed_mean_10,full_transformation,eitc,11.0,11.0,0.0
D2,trimmed_mean_10,full_transformation,fjg,6.0,5.0,-1.0
D2,trimmed_mean_10,full_transformation,nit,5.0,6.0,1.0
D2,trimmed_mean_10,full_transformation,sawf,3.0,3.0,0.0
D2,trimmed_mean_10,full_transformation,ubc,1.0,1.0,0.0
D2,trimmed_mean_10,full_transformation,ubi,2.0,2.0,0.0
D2,trimmed_mean_10,full_transformation,ubs,4.0,4.0,0.0
D2,trimmed_mean_10,full_transformation,ui,8.0,9.0,1.0
D2,trimmed_mean_10,full_transformation,wage_insurance,10.0,10.0,0.0
D2,trimmed_mean_10,welfare_resilience,almp,11.0,10.0,-1.0
D2,trimmed_mean_10,welfare_resilience,directed_industrial_policy,10.0,11.0,1.0
D2,trimmed_mean_10,welfare_resilience,eitc,6.0,6.0,0.0
D2,trimmed_mean_10,welfare_resilience,fjg,1.0,1.0,0.0
D2,trimmed_mean_10,welfare_resilience,nit,2.0,2.0,0.0
D2,trimmed_mean_10,welfare_resilience,sawf,7.0,7.0,0.0
D2,trimmed_mean_10,welfare_resilience,ubc,9.0,9.0,0.0
D2,trimmed_mean_10,welfare_resilience,ubi,5.0,3.0,-2.0
D2,trimmed_mean_10,welfare_resilience,ubs,4.0,5.0,1.0
D2,trimmed_mean_10,welfare_resilience,ui,3.0,4.0,1.0
D2,trimmed_mean_10,welfare_resilience,wage_insurance,8.0,8.0,0.0
D2,trimmed_mean_10,agency_voice,almp,8.0,8.0,0.0
D2,trimmed_mean_10,agency_voice,directed_industrial_policy,11.0,10.0,-1.0
D2,trimmed_mean_10,agency_voice,eitc,10.0,11.0,1.0
D2,trimmed_mean_10,agency_voice,fjg,6.0,4.0,-2.0
D2,trimmed_mean_10,agency_voice,nit,5.0,5.0,0.0
D2,trimmed_mean_10,agency_voice,sawf,2.0,2.0,0.0
D2,trimmed_mean_10,agency_voice,ubc,1.0,1.0,0.0
D2,trimmed_mean_10,agency_voice,ubi,3.0,3.0,0.0
D2,trimmed_mean_10,agency_voice,ubs,4.0,6.0,2.0
D2,trimmed_mean_10,agency_voice,ui,7.0,7.0,0.0
D2,trimmed_mean_10,agency_voice,wage_insurance,9.0,9.0,0.0
D2,trimmed_mean_10,feasibility,almp,5.0,5.0,0.0
D2,trimmed_mean_10,feasibility,directed_industrial_policy,8.0,10.0,2.0
D2,trimmed_mean_10,feasibility,eitc,1.0,1.0,0.0
D2,trimmed_mean_10,feasibility,fjg,11.0,11.0,0.0
D2,trimmed_mean_10,feasibility,nit,3.0,3.0,0.0
D2,trimmed_mean_10,feasibility,sawf,6.0,6.0,0.0
D2,trimmed_mean_10,feasibility,ubc,7.0,7.0,0.0
D2,trimmed_mean_10,feasibility,ubi,10.0,9.0,-1.0
D2,trimmed_mean_10,feasibility,ubs,9.0,8.0,-1.0
D2,trimmed_mean_10,feasibility,ui,2.0,2.0,0.0
D2,trimmed_mean_10,feasibility,wage_insurance,4.0,4.0,0.0
D2,trimmed_mean_10,scenario_durability,almp,9.0,8.0,-1.0
D2,trimmed_mean_10,scenario_durability,directed_industrial_policy,11.0,11.0,0.0
D2,trimmed_mean_10,scenario_durability,eitc,10.0,10.0,0.0
D2,trimmed_mean_10,scenario_durability,fjg,6.0,5.0,-1.0
D2,trimmed_mean_10,scenario_durability,nit,5.0,6.0,1.0
D2,trimmed_mean_10,scenario_durability,sawf,3.0,3.0,0.0
D2,trimmed_mean_10,scenario_durability,ubc,1.0,2.0,1.0
D2,trimmed_mean_10,scenario_durability,ubi,2.0,1.0,-1.0
D2,trimmed_mean_10,scenario_durability,ubs,4.0,4.0,0.0
D2,trimmed_mean_10,scenario_durability,ui,7.0,7.0,0.0
D2,trimmed_mean_10,scenario_durability,wage_insurance,8.0,9.0,1.0
